student_id,month,attendance_pct,absences
S0001,Jan,56.2,4
S0001,Feb,96.7,0
S0001,Mar,73.8,2
S0001,Apr,91.8,0
S0001,May,80.1,1
S0001,Jun,81.9,1
S0002,Jan,83.5,1
S0002,Feb,81.7,1
S0002,Mar,84.6,1
S0002,Apr,94.9,0
S0002,May,77.9,2
S0002,Jun,85.6,1
S0003,Jan,73.7,2
S0003,Feb,96.6,0
S0003,Mar,64.9,3
S0003,Apr,100.0,0
S0003,May,74.4,2
S0003,Jun,53.5,4
S0004,Jan,76.9,2
S0004,Feb,64.8,3
S0004,Mar,87.6,1
S0004,Apr,65.2,3
S0004,May,68.3,3
S0004,Jun,46.7,5
S0005,Jan,68.2,3
S0005,Feb,40.0,6
S0005,Mar,51.2,4
S0005,Apr,86.4,1
S0005,May,86.8,1
S0005,Jun,81.4,1
S0006,Jan,60.5,3
S0006,Feb,74.3,2
S0006,Mar,74.9,2
S0006,Apr,57.6,4
S0006,May,97.6,0
S0006,Jun,88.2,1
S0007,Jan,71.7,2
S0007,Feb,75.4,2
S0007,Mar,78.1,2
S0007,Apr,44.4,5
S0007,May,71.3,2
S0007,Jun,64.8,3
S0008,Jan,60.0,4
S0008,Feb,70.8,2
S0008,Mar,100.0,0
S0008,Apr,84.6,1
S0008,May,66.4,3
S0008,Jun,83.6,1
S0009,Jan,96.0,0
S0009,Feb,88.9,1
S0009,Mar,75.9,2
S0009,Apr,65.3,3
S0009,May,85.5,1
S0009,Jun,80.9,1
S0010,Jan,88.4,1
S0010,Feb,84.5,1
S0010,Mar,90.7,0
S0010,Apr,67.0,3
S0010,May,94.8,0
S0010,Jun,78.0,2
S0011,Jan,100.0,0
S0011,Feb,64.7,3
S0011,Mar,100.0,0
S0011,Apr,78.0,2
S0011,May,65.2,3
S0011,Jun,67.7,3
S0012,Jan,70.2,2
S0012,Feb,81.4,1
S0012,Mar,82.8,1
S0012,Apr,66.4,3
S0012,May,74.6,2
S0012,Jun,100.0,0
S0013,Jan,100.0,0
S0013,Feb,81.5,1
S0013,Mar,75.6,2
S0013,Apr,76.8,2
S0013,May,84.2,1
S0013,Jun,59.7,4
S0014,Jan,71.1,2
S0014,Feb,50.0,5
S0014,Mar,81.0,1
S0014,Apr,84.7,1
S0014,May,67.8,3
S0014,Jun,98.6,0
S0015,Jan,56.6,4
S0015,Feb,53.0,4
S0015,Mar,78.4,2
S0015,Apr,90.7,0
S0015,May,100.0,0
S0015,Jun,68.1,3
S0016,Jan,91.2,0
S0016,Feb,74.4,2
S0016,Mar,72.4,2
S0016,Apr,88.3,1
S0016,May,84.8,1
S0016,Jun,51.4,4
S0017,Jan,97.1,0
S0017,Feb,95.7,0
S0017,Mar,65.6,3
S0017,Apr,80.9,1
S0017,May,82.4,1
S0017,Jun,78.9,2
S0018,Jan,66.7,3
S0018,Feb,64.9,3
S0018,Mar,74.6,2
S0018,Apr,92.6,0
S0018,May,83.2,1
S0018,Jun,69.4,3
S0019,Jan,86.6,1
S0019,Feb,40.0,6
S0019,Mar,92.2,0
S0019,Apr,48.9,5
S0019,May,69.6,3
S0019,Jun,58.2,4
S0020,Jan,55.6,4
S0020,Feb,92.4,0
S0020,Mar,68.0,3
S0020,Apr,80.2,1
S0020,May,74.3,2
S0020,Jun,82.2,1
S0021,Jan,76.2,2
S0021,Feb,55.8,4
S0021,Mar,89.9,1
S0021,Apr,67.6,3
S0021,May,51.7,4
S0021,Jun,68.6,3
S0022,Jan,97.5,0
S0022,Feb,87.8,1
S0022,Mar,69.8,3
S0022,Apr,69.8,3
S0022,May,70.2,2
S0022,Jun,100.0,0
S0023,Jan,80.7,1
S0023,Feb,81.5,1
S0023,Mar,90.5,0
S0023,Apr,78.6,2
S0023,May,71.1,2
S0023,Jun,72.1,2
S0024,Jan,73.9,2
S0024,Feb,74.4,2
S0024,Mar,85.9,1
S0024,Apr,75.8,2
S0024,May,86.0,1
S0024,Jun,73.8,2
S0025,Jan,76.2,2
S0025,Feb,45.0,5
S0025,Mar,88.7,1
S0025,Apr,80.2,1
S0025,May,90.0,1
S0025,Jun,40.0,6
S0026,Jan,100.0,0
S0026,Feb,72.9,2
S0026,Mar,91.6,0
S0026,Apr,59.4,4
S0026,May,84.2,1
S0026,Jun,59.2,4
S0027,Jan,65.6,3
S0027,Feb,100.0,0
S0027,Mar,72.1,2
S0027,Apr,78.3,2
S0027,May,88.1,1
S0027,Jun,82.4,1
S0028,Jan,77.3,2
S0028,Feb,80.5,1
S0028,Mar,100.0,0
S0028,Apr,74.1,2
S0028,May,78.0,2
S0028,Jun,90.8,0
S0029,Jan,91.6,0
S0029,Feb,92.8,0
S0029,Mar,84.6,1
S0029,Apr,57.9,4
S0029,May,99.5,0
S0029,Jun,57.8,4
S0030,Jan,79.5,2
S0030,Feb,63.7,3
S0030,Mar,74.0,2
S0030,Apr,79.9,2
S0030,May,79.8,2
S0030,Jun,81.3,1
S0031,Jan,99.2,0
S0031,Feb,81.8,1
S0031,Mar,71.3,2
S0031,Apr,89.5,1
S0031,May,92.8,0
S0031,Jun,56.6,4
S0032,Jan,84.0,1
S0032,Feb,85.5,1
S0032,Mar,70.5,2
S0032,Apr,95.6,0
S0032,May,72.7,2
S0032,Jun,76.9,2
S0033,Jan,72.4,2
S0033,Feb,75.2,2
S0033,Mar,58.6,4
S0033,Apr,53.4,4
S0033,May,98.9,0
S0033,Jun,62.3,3
S0034,Jan,60.1,3
S0034,Feb,42.7,5
S0034,Mar,65.4,3
S0034,Apr,55.2,4
S0034,May,99.6,0
S0034,Jun,90.1,0
S0035,Jan,64.7,3
S0035,Feb,100.0,0
S0035,Mar,89.7,1
S0035,Apr,70.1,2
S0035,May,40.0,6
S0035,Jun,100.0,0
S0036,Jan,54.2,4
S0036,Feb,50.3,4
S0036,Mar,90.3,0
S0036,Apr,100.0,0
S0036,May,95.8,0
S0036,Jun,83.5,1
S0037,Jan,83.9,1
S0037,Feb,87.8,1
S0037,Mar,86.4,1
S0037,Apr,79.2,2
S0037,May,76.6,2
S0037,Jun,74.1,2
S0038,Jan,63.7,3
S0038,Feb,70.8,2
S0038,Mar,49.6,5
S0038,Apr,73.5,2
S0038,May,60.2,3
S0038,Jun,58.4,4
S0039,Jan,77.7,2
S0039,Feb,95.9,0
S0039,Mar,88.8,1
S0039,Apr,51.4,4
S0039,May,60.2,3
S0039,Jun,89.1,1
S0040,Jan,60.3,3
S0040,Feb,71.6,2
S0040,Mar,83.3,1
S0040,Apr,60.5,3
S0040,May,76.6,2
S0040,Jun,55.0,4
S0041,Jan,66.0,3
S0041,Feb,79.8,2
S0041,Mar,51.1,4
S0041,Apr,81.6,1
S0041,May,74.7,2
S0041,Jun,83.3,1
S0042,Jan,78.4,2
S0042,Feb,95.5,0
S0042,Mar,76.9,2
S0042,Apr,68.6,3
S0042,May,76.8,2
S0042,Jun,83.1,1
S0043,Jan,75.7,2
S0043,Feb,75.6,2
S0043,Mar,64.5,3
S0043,Apr,65.1,3
S0043,May,54.0,4
S0043,Jun,100.0,0
S0044,Jan,56.3,4
S0044,Feb,64.6,3
S0044,Mar,64.2,3
S0044,Apr,88.4,1
S0044,May,70.6,2
S0044,Jun,93.7,0
S0045,Jan,64.9,3
S0045,Feb,79.2,2
S0045,Mar,62.5,3
S0045,Apr,100.0,0
S0045,May,57.2,4
S0045,Jun,79.6,2
S0046,Jan,84.5,1
S0046,Feb,81.2,1
S0046,Mar,72.2,2
S0046,Apr,73.1,2
S0046,May,75.7,2
S0046,Jun,72.8,2
S0047,Jan,89.5,1
S0047,Feb,100.0,0
S0047,Mar,66.6,3
S0047,Apr,54.5,4
S0047,May,73.7,2
S0047,Jun,100.0,0
S0048,Jan,62.9,3
S0048,Feb,99.6,0
S0048,Mar,100.0,0
S0048,Apr,66.7,3
S0048,May,83.5,1
S0048,Jun,99.4,0
S0049,Jan,69.3,3
S0049,Feb,71.9,2
S0049,Mar,66.3,3
S0049,Apr,59.8,4
S0049,May,65.3,3
S0049,Jun,56.6,4
S0050,Jan,75.5,2
S0050,Feb,63.5,3
S0050,Mar,78.5,2
S0050,Apr,51.7,4
S0050,May,80.0,2
S0050,Jun,87.5,1
S0051,Jan,45.1,5
S0051,Feb,80.6,1
S0051,Mar,93.4,0
S0051,Apr,56.9,4
S0051,May,100.0,0
S0051,Jun,81.3,1
S0052,Jan,64.4,3
S0052,Feb,74.2,2
S0052,Mar,83.4,1
S0052,Apr,76.1,2
S0052,May,83.1,1
S0052,Jun,61.2,3
S0053,Jan,77.5,2
S0053,Feb,53.8,4
S0053,Mar,73.3,2
S0053,Apr,61.4,3
S0053,May,64.0,3
S0053,Jun,93.5,0
S0054,Jan,91.4,0
S0054,Feb,84.1,1
S0054,Mar,58.6,4
S0054,Apr,70.3,2
S0054,May,93.2,0
S0054,Jun,77.1,2
S0055,Jan,100.0,0
S0055,Feb,80.9,1
S0055,Mar,77.9,2
S0055,Apr,70.4,2
S0055,May,77.0,2
S0055,Jun,72.7,2
S0056,Jan,85.6,1
S0056,Feb,89.4,1
S0056,Mar,63.2,3
S0056,Apr,55.0,4
S0056,May,47.5,5
S0056,Jun,82.6,1
S0057,Jan,58.4,4
S0057,Feb,42.7,5
S0057,Mar,80.8,1
S0057,Apr,100.0,0
S0057,May,74.9,2
S0057,Jun,87.6,1
S0058,Jan,76.2,2
S0058,Feb,73.5,2
S0058,Mar,88.8,1
S0058,Apr,70.6,2
S0058,May,79.0,2
S0058,Jun,79.8,2
S0059,Jan,65.0,3
S0059,Feb,89.9,1
S0059,Mar,72.4,2
S0059,Apr,63.7,3
S0059,May,83.0,1
S0059,Jun,61.5,3
S0060,Jan,75.4,2
S0060,Feb,74.9,2
S0060,Mar,91.3,0
S0060,Apr,82.1,1
S0060,May,74.6,2
S0060,Jun,87.3,1
S0061,Jan,95.9,0
S0061,Feb,83.4,1
S0061,Mar,75.2,2
S0061,Apr,55.3,4
S0061,May,59.0,4
S0061,Jun,70.4,2
S0062,Jan,65.9,3
S0062,Feb,72.2,2
S0062,Mar,75.8,2
S0062,Apr,82.9,1
S0062,May,73.9,2
S0062,Jun,82.3,1
S0063,Jan,76.0,2
S0063,Feb,45.4,5
S0063,Mar,60.9,3
S0063,Apr,72.8,2
S0063,May,56.9,4
S0063,Jun,84.0,1
S0064,Jan,98.0,0
S0064,Feb,93.3,0
S0064,Mar,71.8,2
S0064,Apr,97.4,0
S0064,May,77.2,2
S0064,Jun,69.9,3
S0065,Jan,65.8,3
S0065,Feb,70.5,2
S0065,Mar,69.2,3
S0065,Apr,77.6,2
S0065,May,77.4,2
S0065,Jun,75.0,2
S0066,Jan,81.6,1
S0066,Feb,92.9,0
S0066,Mar,89.2,1
S0066,Apr,52.7,4
S0066,May,40.0,6
S0066,Jun,89.0,1
S0067,Jan,54.5,4
S0067,Feb,71.6,2
S0067,Mar,57.4,4
S0067,Apr,48.0,5
S0067,May,83.1,1
S0067,Jun,86.4,1
S0068,Jan,66.4,3
S0068,Feb,40.0,6
S0068,Mar,66.8,3
S0068,Apr,80.9,1
S0068,May,52.8,4
S0068,Jun,77.8,2
S0069,Jan,74.8,2
S0069,Feb,83.7,1
S0069,Mar,76.8,2
S0069,Apr,60.4,3
S0069,May,92.9,0
S0069,Jun,72.6,2
S0070,Jan,74.6,2
S0070,Feb,61.0,3
S0070,Mar,68.4,3
S0070,Apr,61.7,3
S0070,May,72.4,2
S0070,Jun,100.0,0
S0071,Jan,54.4,4
S0071,Feb,50.8,4
S0071,Mar,97.1,0
S0071,Apr,71.9,2
S0071,May,65.0,3
S0071,Jun,90.6,0
S0072,Jan,65.9,3
S0072,Feb,100.0,0
S0072,Mar,85.2,1
S0072,Apr,67.7,3
S0072,May,100.0,0
S0072,Jun,65.9,3
S0073,Jan,86.1,1
S0073,Feb,79.5,2
S0073,Mar,94.5,0
S0073,Apr,98.4,0
S0073,May,75.5,2
S0073,Jun,63.7,3
S0074,Jan,81.9,1
S0074,Feb,64.8,3
S0074,Mar,100.0,0
S0074,Apr,77.0,2
S0074,May,69.5,3
S0074,Jun,77.8,2
S0075,Jan,54.8,4
S0075,Feb,60.4,3
S0075,Mar,93.0,0
S0075,Apr,65.1,3
S0075,May,59.3,4
S0075,Jun,83.0,1
S0076,Jan,92.8,0
S0076,Feb,85.8,1
S0076,Mar,89.9,1
S0076,Apr,63.6,3
S0076,May,53.7,4
S0076,Jun,97.5,0
S0077,Jan,70.2,2
S0077,Feb,71.2,2
S0077,Mar,94.9,0
S0077,Apr,83.3,1
S0077,May,81.8,1
S0077,Jun,100.0,0
S0078,Jan,65.3,3
S0078,Feb,88.9,1
S0078,Mar,75.9,2
S0078,Apr,79.0,2
S0078,May,97.9,0
S0078,Jun,82.6,1
S0079,Jan,83.1,1
S0079,Feb,91.1,0
S0079,Mar,69.5,3
S0079,Apr,62.4,3
S0079,May,59.3,4
S0079,Jun,45.5,5
S0080,Jan,100.0,0
S0080,Feb,58.5,4
S0080,Mar,71.7,2
S0080,Apr,70.8,2
S0080,May,79.6,2
S0080,Jun,87.2,1
S0081,Jan,87.9,1
S0081,Feb,66.3,3
S0081,Mar,72.5,2
S0081,Apr,79.2,2
S0081,May,71.3,2
S0081,Jun,99.1,0
S0082,Jan,82.4,1
S0082,Feb,86.0,1
S0082,Mar,84.9,1
S0082,Apr,92.6,0
S0082,May,77.7,2
S0082,Jun,55.5,4
S0083,Jan,81.0,1
S0083,Feb,65.2,3
S0083,Mar,67.1,3
S0083,Apr,83.8,1
S0083,May,93.6,0
S0083,Jun,75.3,2
S0084,Jan,79.6,2
S0084,Feb,100.0,0
S0084,Mar,78.6,2
S0084,Apr,100.0,0
S0084,May,83.5,1
S0084,Jun,48.6,5
S0085,Jan,86.3,1
S0085,Feb,80.7,1
S0085,Mar,94.3,0
S0085,Apr,85.1,1
S0085,May,72.9,2
S0085,Jun,56.6,4
S0086,Jan,71.9,2
S0086,Feb,62.2,3
S0086,Mar,66.3,3
S0086,Apr,83.8,1
S0086,May,100.0,0
S0086,Jun,80.9,1
S0087,Jan,57.1,4
S0087,Feb,81.7,1
S0087,Mar,92.9,0
S0087,Apr,65.9,3
S0087,May,73.0,2
S0087,Jun,75.2,2
S0088,Jan,63.2,3
S0088,Feb,84.7,1
S0088,Mar,73.2,2
S0088,Apr,81.3,1
S0088,May,61.7,3
S0088,Jun,68.4,3
S0089,Jan,85.8,1
S0089,Feb,69.4,3
S0089,Mar,100.0,0
S0089,Apr,69.0,3
S0089,May,78.4,2
S0089,Jun,89.0,1
S0090,Jan,53.7,4
S0090,Feb,48.6,5
S0090,Mar,52.1,4
S0090,Apr,93.9,0
S0090,May,66.7,3
S0090,Jun,100.0,0
S0091,Jan,66.5,3
S0091,Feb,77.8,2
S0091,Mar,98.1,0
S0091,Apr,100.0,0
S0091,May,100.0,0
S0091,Jun,93.1,0
S0092,Jan,90.4,0
S0092,Feb,83.9,1
S0092,Mar,86.7,1
S0092,Apr,66.7,3
S0092,May,62.7,3
S0092,Jun,74.9,2
S0093,Jan,72.4,2
S0093,Feb,68.2,3
S0093,Mar,85.4,1
S0093,Apr,89.3,1
S0093,May,76.3,2
S0093,Jun,97.2,0
S0094,Jan,57.9,4
S0094,Feb,72.1,2
S0094,Mar,64.2,3
S0094,Apr,47.0,5
S0094,May,73.8,2
S0094,Jun,73.2,2
S0095,Jan,97.7,0
S0095,Feb,84.5,1
S0095,Mar,59.6,4
S0095,Apr,100.0,0
S0095,May,93.3,0
S0095,Jun,83.7,1
S0096,Jan,71.6,2
S0096,Feb,60.6,3
S0096,Mar,69.4,3
S0096,Apr,91.3,0
S0096,May,100.0,0
S0096,Jun,98.1,0
S0097,Jan,67.7,3
S0097,Feb,58.2,4
S0097,Mar,77.1,2
S0097,Apr,48.5,5
S0097,May,79.8,2
S0097,Jun,72.8,2
S0098,Jan,68.0,3
S0098,Feb,51.1,4
S0098,Mar,82.7,1
S0098,Apr,67.0,3
S0098,May,57.5,4
S0098,Jun,40.0,6
S0099,Jan,74.6,2
S0099,Feb,100.0,0
S0099,Mar,99.9,0
S0099,Apr,68.1,3
S0099,May,66.0,3
S0099,Jun,82.0,1
S0100,Jan,60.0,3
S0100,Feb,79.5,2
S0100,Mar,86.5,1
S0100,Apr,93.4,0
S0100,May,73.5,2
S0100,Jun,71.9,2
S0101,Jan,61.8,3
S0101,Feb,62.6,3
S0101,Mar,71.6,2
S0101,Apr,80.5,1
S0101,May,88.7,1
S0101,Jun,63.0,3
S0102,Jan,97.4,0
S0102,Feb,70.9,2
S0102,Mar,74.7,2
S0102,Apr,63.8,3
S0102,May,40.0,6
S0102,Jun,88.3,1
S0103,Jan,86.1,1
S0103,Feb,70.8,2
S0103,Mar,76.0,2
S0103,Apr,82.7,1
S0103,May,51.6,4
S0103,Jun,67.1,3
S0104,Jan,86.9,1
S0104,Feb,56.2,4
S0104,Mar,79.4,2
S0104,Apr,54.7,4
S0104,May,82.0,1
S0104,Jun,74.5,2
S0105,Jan,50.8,4
S0105,Feb,92.5,0
S0105,Mar,64.0,3
S0105,Apr,62.8,3
S0105,May,78.0,2
S0105,Jun,92.2,0
S0106,Jan,59.8,4
S0106,Feb,75.9,2
S0106,Mar,81.4,1
S0106,Apr,85.4,1
S0106,May,77.6,2
S0106,Jun,69.5,3
S0107,Jan,62.6,3
S0107,Feb,76.3,2
S0107,Mar,58.9,4
S0107,Apr,40.0,6
S0107,May,81.5,1
S0107,Jun,88.6,1
S0108,Jan,40.0,6
S0108,Feb,59.9,4
S0108,Mar,84.3,1
S0108,Apr,100.0,0
S0108,May,75.3,2
S0108,Jun,64.1,3
S0109,Jan,72.3,2
S0109,Feb,95.6,0
S0109,Mar,65.3,3
S0109,Apr,63.0,3
S0109,May,67.8,3
S0109,Jun,60.7,3
S0110,Jan,76.8,2
S0110,Feb,99.4,0
S0110,Mar,79.8,2
S0110,Apr,71.2,2
S0110,May,70.6,2
S0110,Jun,51.6,4
S0111,Jan,88.2,1
S0111,Feb,73.8,2
S0111,Mar,72.3,2
S0111,Apr,100.0,0
S0111,May,79.5,2
S0111,Jun,63.7,3
S0112,Jan,68.6,3
S0112,Feb,92.2,0
S0112,Mar,76.7,2
S0112,Apr,53.4,4
S0112,May,88.8,1
S0112,Jun,65.0,3
S0113,Jan,100.0,0
S0113,Feb,91.2,0
S0113,Mar,68.3,3
S0113,Apr,94.2,0
S0113,May,76.0,2
S0113,Jun,87.8,1
S0114,Jan,82.3,1
S0114,Feb,62.3,3
S0114,Mar,65.3,3
S0114,Apr,90.4,0
S0114,May,70.0,3
S0114,Jun,68.9,3
S0115,Jan,60.7,3
S0115,Feb,81.4,1
S0115,Mar,100.0,0
S0115,Apr,59.0,4
S0115,May,75.4,2
S0115,Jun,96.2,0
S0116,Jan,73.8,2
S0116,Feb,81.8,1
S0116,Mar,59.1,4
S0116,Apr,81.4,1
S0116,May,72.2,2
S0116,Jun,89.8,1
S0117,Jan,92.8,0
S0117,Feb,100.0,0
S0117,Mar,83.7,1
S0117,Apr,79.9,2
S0117,May,77.9,2
S0117,Jun,69.7,3
S0118,Jan,80.1,1
S0118,Feb,70.6,2
S0118,Mar,77.5,2
S0118,Apr,94.8,0
S0118,May,59.9,4
S0118,Jun,92.1,0
S0119,Jan,94.8,0
S0119,Feb,73.2,2
S0119,Mar,43.2,5
S0119,Apr,65.9,3
S0119,May,94.5,0
S0119,Jun,74.7,2
S0120,Jan,60.0,3
S0120,Feb,67.4,3
S0120,Mar,87.6,1
S0120,Apr,83.2,1
S0120,May,71.4,2
S0120,Jun,69.5,3
S0121,Jan,69.1,3
S0121,Feb,61.2,3
S0121,Mar,99.2,0
S0121,Apr,70.2,2
S0121,May,93.3,0
S0121,Jun,97.8,0
S0122,Jan,90.0,1
S0122,Feb,68.5,3
S0122,Mar,81.1,1
S0122,Apr,74.6,2
S0122,May,61.4,3
S0122,Jun,79.9,2
S0123,Jan,57.3,4
S0123,Feb,92.8,0
S0123,Mar,68.0,3
S0123,Apr,78.0,2
S0123,May,79.2,2
S0123,Jun,71.1,2
S0124,Jan,83.8,1
S0124,Feb,67.9,3
S0124,Mar,88.1,1
S0124,Apr,54.8,4
S0124,May,76.9,2
S0124,Jun,100.0,0
S0125,Jan,60.0,4
S0125,Feb,64.8,3
S0125,Mar,82.7,1
S0125,Apr,77.7,2
S0125,May,80.3,1
S0125,Jun,82.3,1
S0126,Jan,84.5,1
S0126,Feb,91.6,0
S0126,Mar,81.1,1
S0126,Apr,71.4,2
S0126,May,85.1,1
S0126,Jun,100.0,0
S0127,Jan,73.0,2
S0127,Feb,60.4,3
S0127,Mar,91.6,0
S0127,Apr,73.2,2
S0127,May,42.4,5
S0127,Jun,87.7,1
S0128,Jan,67.0,3
S0128,Feb,73.6,2
S0128,Mar,80.0,2
S0128,Apr,77.9,2
S0128,May,85.6,1
S0128,Jun,68.5,3
S0129,Jan,82.7,1
S0129,Feb,71.1,2
S0129,Mar,86.1,1
S0129,Apr,84.2,1
S0129,May,61.0,3
S0129,Jun,91.3,0
S0130,Jan,67.0,3
S0130,Feb,87.1,1
S0130,Mar,80.5,1
S0130,Apr,100.0,0
S0130,May,71.6,2
S0130,Jun,69.8,3
S0131,Jan,74.7,2
S0131,Feb,70.5,2
S0131,Mar,87.0,1
S0131,Apr,50.8,4
S0131,May,59.2,4
S0131,Jun,59.0,4
S0132,Jan,89.3,1
S0132,Feb,100.0,0
S0132,Mar,73.4,2
S0132,Apr,72.5,2
S0132,May,76.1,2
S0132,Jun,92.4,0
S0133,Jan,61.1,3
S0133,Feb,78.6,2
S0133,Mar,89.6,1
S0133,Apr,82.5,1
S0133,May,77.8,2
S0133,Jun,90.0,0
S0134,Jan,40.0,6
S0134,Feb,85.2,1
S0134,Mar,65.2,3
S0134,Apr,47.5,5
S0134,May,82.7,1
S0134,Jun,95.6,0
S0135,Jan,72.9,2
S0135,Feb,89.3,1
S0135,Mar,99.2,0
S0135,Apr,94.7,0
S0135,May,99.6,0
S0135,Jun,86.1,1
S0136,Jan,76.1,2
S0136,Feb,51.0,4
S0136,Mar,71.3,2
S0136,Apr,62.4,3
S0136,May,100.0,0
S0136,Jun,72.4,2
S0137,Jan,76.8,2
S0137,Feb,83.3,1
S0137,Mar,75.7,2
S0137,Apr,100.0,0
S0137,May,65.7,3
S0137,Jun,77.9,2
S0138,Jan,63.9,3
S0138,Feb,55.2,4
S0138,Mar,65.8,3
S0138,Apr,74.4,2
S0138,May,68.6,3
S0138,Jun,64.6,3
S0139,Jan,53.9,4
S0139,Feb,73.8,2
S0139,Mar,52.4,4
S0139,Apr,86.4,1
S0139,May,76.2,2
S0139,Jun,53.1,4
S0140,Jan,70.4,2
S0140,Feb,63.7,3
S0140,Mar,79.8,2
S0140,Apr,95.1,0
S0140,May,46.9,5
S0140,Jun,76.7,2
S0141,Jan,72.6,2
S0141,Feb,85.1,1
S0141,Mar,78.2,2
S0141,Apr,63.7,3
S0141,May,70.2,2
S0141,Jun,63.1,3
S0142,Jan,91.1,0
S0142,Feb,75.3,2
S0142,Mar,100.0,0
S0142,Apr,74.1,2
S0142,May,64.4,3
S0142,Jun,52.3,4
S0143,Jan,48.0,5
S0143,Feb,51.2,4
S0143,Mar,79.0,2
S0143,Apr,82.6,1
S0143,May,51.3,4
S0143,Jun,88.4,1
S0144,Jan,67.8,3
S0144,Feb,77.2,2
S0144,Mar,99.2,0
S0144,Apr,88.5,1
S0144,May,71.0,2
S0144,Jun,61.6,3
S0145,Jan,42.7,5
S0145,Feb,64.2,3
S0145,Mar,71.8,2
S0145,Apr,60.2,3
S0145,May,73.0,2
S0145,Jun,76.2,2
S0146,Jan,71.6,2
S0146,Feb,65.2,3
S0146,Mar,77.5,2
S0146,Apr,81.6,1
S0146,May,58.6,4
S0146,Jun,96.2,0
S0147,Jan,73.5,2
S0147,Feb,75.3,2
S0147,Mar,85.6,1
S0147,Apr,78.5,2
S0147,May,89.3,1
S0147,Jun,79.3,2
S0148,Jan,65.8,3
S0148,Feb,80.4,1
S0148,Mar,57.8,4
S0148,Apr,76.6,2
S0148,May,74.5,2
S0148,Jun,71.9,2
S0149,Jan,73.1,2
S0149,Feb,46.8,5
S0149,Mar,66.8,3
S0149,Apr,76.4,2
S0149,May,77.4,2
S0149,Jun,59.6,4
S0150,Jan,94.0,0
S0150,Feb,62.0,3
S0150,Mar,89.5,1
S0150,Apr,81.4,1
S0150,May,65.3,3
S0150,Jun,100.0,0
S0151,Jan,57.1,4
S0151,Feb,88.8,1
S0151,Mar,90.0,0
S0151,Apr,64.9,3
S0151,May,95.9,0
S0151,Jun,71.2,2
S0152,Jan,79.3,2
S0152,Feb,78.9,2
S0152,Mar,73.0,2
S0152,Apr,87.2,1
S0152,May,86.9,1
S0152,Jun,48.8,5
S0153,Jan,94.6,0
S0153,Feb,50.1,4
S0153,Mar,90.5,0
S0153,Apr,91.9,0
S0153,May,58.6,4
S0153,Jun,68.8,3
S0154,Jan,58.4,4
S0154,Feb,71.8,2
S0154,Mar,70.4,2
S0154,Apr,86.7,1
S0154,May,94.7,0
S0154,Jun,95.9,0
S0155,Jan,66.6,3
S0155,Feb,71.9,2
S0155,Mar,49.7,5
S0155,Apr,62.9,3
S0155,May,89.5,1
S0155,Jun,99.2,0
S0156,Jan,56.5,4
S0156,Feb,66.1,3
S0156,Mar,74.6,2
S0156,Apr,79.2,2
S0156,May,62.9,3
S0156,Jun,81.4,1
S0157,Jan,67.9,3
S0157,Feb,74.8,2
S0157,Mar,83.2,1
S0157,Apr,75.1,2
S0157,May,68.5,3
S0157,Jun,73.4,2
S0158,Jan,73.7,2
S0158,Feb,69.4,3
S0158,Mar,71.1,2
S0158,Apr,99.0,0
S0158,May,83.4,1
S0158,Jun,70.6,2
S0159,Jan,85.5,1
S0159,Feb,70.0,3
S0159,Mar,92.6,0
S0159,Apr,80.5,1
S0159,May,73.4,2
S0159,Jun,81.7,1
S0160,Jan,51.4,4
S0160,Feb,58.1,4
S0160,Mar,57.1,4
S0160,Apr,77.1,2
S0160,May,100.0,0
S0160,Jun,100.0,0
S0161,Jan,84.6,1
S0161,Feb,82.5,1
S0161,Mar,48.0,5
S0161,Apr,66.9,3
S0161,May,63.2,3
S0161,Jun,65.7,3
S0162,Jan,72.5,2
S0162,Feb,67.9,3
S0162,Mar,45.3,5
S0162,Apr,86.2,1
S0162,May,58.9,4
S0162,Jun,78.6,2
S0163,Jan,100.0,0
S0163,Feb,61.2,3
S0163,Mar,40.0,6
S0163,Apr,70.7,2
S0163,May,91.5,0
S0163,Jun,100.0,0
S0164,Jan,56.6,4
S0164,Feb,82.5,1
S0164,Mar,68.0,3
S0164,Apr,73.4,2
S0164,May,100.0,0
S0164,Jun,52.5,4
S0165,Jan,78.8,2
S0165,Feb,82.0,1
S0165,Mar,91.3,0
S0165,Apr,76.5,2
S0165,May,79.6,2
S0165,Jun,69.1,3
S0166,Jan,79.0,2
S0166,Feb,69.9,3
S0166,Mar,84.3,1
S0166,Apr,69.5,3
S0166,May,80.7,1
S0166,Jun,74.6,2
S0167,Jan,91.9,0
S0167,Feb,74.2,2
S0167,Mar,48.4,5
S0167,Apr,93.9,0
S0167,May,61.4,3
S0167,Jun,65.2,3
S0168,Jan,66.1,3
S0168,Feb,95.6,0
S0168,Mar,43.0,5
S0168,Apr,100.0,0
S0168,May,90.8,0
S0168,Jun,78.3,2
S0169,Jan,74.2,2
S0169,Feb,79.3,2
S0169,Mar,82.8,1
S0169,Apr,84.7,1
S0169,May,83.3,1
S0169,Jun,76.3,2
S0170,Jan,72.0,2
S0170,Feb,72.7,2
S0170,Mar,72.1,2
S0170,Apr,92.0,0
S0170,May,83.9,1
S0170,Jun,40.0,6
S0171,Jan,84.8,1
S0171,Feb,77.9,2
S0171,Mar,74.7,2
S0171,Apr,69.2,3
S0171,May,91.9,0
S0171,Jun,89.2,1
S0172,Jan,63.4,3
S0172,Feb,81.1,1
S0172,Mar,60.4,3
S0172,Apr,54.3,4
S0172,May,65.6,3
S0172,Jun,87.9,1
S0173,Jan,89.3,1
S0173,Feb,82.7,1
S0173,Mar,85.9,1
S0173,Apr,82.7,1
S0173,May,65.4,3
S0173,Jun,81.5,1
S0174,Jan,87.0,1
S0174,Feb,86.3,1
S0174,Mar,92.8,0
S0174,Apr,85.6,1
S0174,May,80.3,1
S0174,Jun,91.1,0
S0175,Jan,74.6,2
S0175,Feb,61.8,3
S0175,Mar,72.6,2
S0175,Apr,63.8,3
S0175,May,64.9,3
S0175,Jun,72.8,2
S0176,Jan,63.1,3
S0176,Feb,70.4,2
S0176,Mar,46.6,5
S0176,Apr,78.2,2
S0176,May,75.0,2
S0176,Jun,62.7,3
S0177,Jan,84.9,1
S0177,Feb,89.1,1
S0177,Mar,50.9,4
S0177,Apr,63.6,3
S0177,May,63.5,3
S0177,Jun,60.9,3
S0178,Jan,87.4,1
S0178,Feb,72.1,2
S0178,Mar,71.0,2
S0178,Apr,44.9,5
S0178,May,84.5,1
S0178,Jun,56.4,4
S0179,Jan,75.9,2
S0179,Feb,79.2,2
S0179,Mar,95.4,0
S0179,Apr,55.4,4
S0179,May,40.0,6
S0179,Jun,77.8,2
S0180,Jan,100.0,0
S0180,Feb,93.6,0
S0180,Mar,78.1,2
S0180,Apr,67.6,3
S0180,May,87.1,1
S0180,Jun,60.4,3
S0181,Jan,82.1,1
S0181,Feb,82.6,1
S0181,Mar,90.9,0
S0181,Apr,100.0,0
S0181,May,80.9,1
S0181,Jun,67.4,3
S0182,Jan,74.6,2
S0182,Feb,48.5,5
S0182,Mar,64.6,3
S0182,Apr,68.9,3
S0182,May,67.1,3
S0182,Jun,77.3,2
S0183,Jan,62.7,3
S0183,Feb,91.8,0
S0183,Mar,75.0,2
S0183,Apr,74.9,2
S0183,May,70.1,2
S0183,Jun,77.3,2
S0184,Jan,87.4,1
S0184,Feb,62.0,3
S0184,Mar,65.1,3
S0184,Apr,70.4,2
S0184,May,54.8,4
S0184,Jun,62.7,3
S0185,Jan,67.9,3
S0185,Feb,88.1,1
S0185,Mar,78.9,2
S0185,Apr,77.9,2
S0185,May,87.8,1
S0185,Jun,72.9,2
S0186,Jan,80.9,1
S0186,Feb,73.5,2
S0186,Mar,79.0,2
S0186,Apr,66.3,3
S0186,May,40.0,6
S0186,Jun,73.0,2
S0187,Jan,96.3,0
S0187,Feb,88.9,1
S0187,Mar,89.5,1
S0187,Apr,93.5,0
S0187,May,76.3,2
S0187,Jun,78.0,2
S0188,Jan,65.7,3
S0188,Feb,70.3,2
S0188,Mar,84.2,1
S0188,Apr,93.1,0
S0188,May,72.9,2
S0188,Jun,68.2,3
S0189,Jan,75.0,2
S0189,Feb,84.0,1
S0189,Mar,53.3,4
S0189,Apr,40.6,5
S0189,May,66.7,3
S0189,Jun,56.7,4
S0190,Jan,67.4,3
S0190,Feb,72.8,2
S0190,Mar,68.2,3
S0190,Apr,96.8,0
S0190,May,79.9,2
S0190,Jun,79.5,2
S0191,Jan,84.3,1
S0191,Feb,57.9,4
S0191,Mar,90.6,0
S0191,Apr,73.9,2
S0191,May,85.1,1
S0191,Jun,58.9,4
S0192,Jan,51.7,4
S0192,Feb,87.3,1
S0192,Mar,80.6,1
S0192,Apr,61.5,3
S0192,May,62.0,3
S0192,Jun,91.9,0
S0193,Jan,57.2,4
S0193,Feb,99.6,0
S0193,Mar,61.5,3
S0193,Apr,84.6,1
S0193,May,70.1,2
S0193,Jun,84.0,1
S0194,Jan,66.8,3
S0194,Feb,72.6,2
S0194,Mar,75.6,2
S0194,Apr,60.0,4
S0194,May,86.1,1
S0194,Jun,67.3,3
S0195,Jan,71.6,2
S0195,Feb,60.1,3
S0195,Mar,40.0,6
S0195,Apr,72.1,2
S0195,May,100.0,0
S0195,Jun,86.8,1
S0196,Jan,74.7,2
S0196,Feb,71.1,2
S0196,Mar,75.3,2
S0196,Apr,83.2,1
S0196,May,57.3,4
S0196,Jun,91.7,0
S0197,Jan,85.7,1
S0197,Feb,85.8,1
S0197,Mar,81.6,1
S0197,Apr,75.3,2
S0197,May,85.1,1
S0197,Jun,83.9,1
S0198,Jan,69.7,3
S0198,Feb,66.4,3
S0198,Mar,76.5,2
S0198,Apr,98.2,0
S0198,May,56.4,4
S0198,Jun,53.0,4
S0199,Jan,77.5,2
S0199,Feb,75.8,2
S0199,Mar,77.6,2
S0199,Apr,78.7,2
S0199,May,71.7,2
S0199,Jun,97.3,0
S0200,Jan,51.0,4
S0200,Feb,62.6,3
S0200,Mar,73.5,2
S0200,Apr,50.4,4
S0200,May,72.4,2
S0200,Jun,99.9,0
S0201,Jan,75.3,2
S0201,Feb,78.5,2
S0201,Mar,56.1,4
S0201,Apr,65.8,3
S0201,May,69.4,3
S0201,Jun,70.2,2
S0202,Jan,94.2,0
S0202,Feb,83.4,1
S0202,Mar,58.3,4
S0202,Apr,78.7,2
S0202,May,82.5,1
S0202,Jun,92.1,0
S0203,Jan,98.7,0
S0203,Feb,59.8,4
S0203,Mar,62.8,3
S0203,Apr,56.1,4
S0203,May,71.5,2
S0203,Jun,82.0,1
S0204,Jan,89.8,1
S0204,Feb,73.9,2
S0204,Mar,70.2,2
S0204,Apr,77.3,2
S0204,May,62.5,3
S0204,Jun,100.0,0
S0205,Jan,50.9,4
S0205,Feb,77.8,2
S0205,Mar,100.0,0
S0205,Apr,75.1,2
S0205,May,72.1,2
S0205,Jun,69.6,3
S0206,Jan,72.3,2
S0206,Feb,95.6,0
S0206,Mar,41.8,5
S0206,Apr,98.0,0
S0206,May,53.6,4
S0206,Jun,71.0,2
S0207,Jan,68.6,3
S0207,Feb,83.8,1
S0207,Mar,51.0,4
S0207,Apr,81.9,1
S0207,May,100.0,0
S0207,Jun,54.6,4
S0208,Jan,77.8,2
S0208,Feb,65.1,3
S0208,Mar,81.4,1
S0208,Apr,75.3,2
S0208,May,65.4,3
S0208,Jun,82.3,1
S0209,Jan,100.0,0
S0209,Feb,72.1,2
S0209,Mar,85.8,1
S0209,Apr,55.6,4
S0209,May,60.7,3
S0209,Jun,82.1,1
S0210,Jan,97.3,0
S0210,Feb,80.3,1
S0210,Mar,70.3,2
S0210,Apr,75.0,2
S0210,May,56.2,4
S0210,Jun,84.1,1
S0211,Jan,88.2,1
S0211,Feb,68.2,3
S0211,Mar,67.9,3
S0211,Apr,79.0,2
S0211,May,68.4,3
S0211,Jun,74.0,2
S0212,Jan,100.0,0
S0212,Feb,71.3,2
S0212,Mar,69.6,3
S0212,Apr,65.3,3
S0212,May,86.2,1
S0212,Jun,72.3,2
S0213,Jan,65.3,3
S0213,Feb,94.8,0
S0213,Mar,96.3,0
S0213,Apr,66.0,3
S0213,May,47.0,5
S0213,Jun,90.1,0
S0214,Jan,64.7,3
S0214,Feb,86.9,1
S0214,Mar,45.4,5
S0214,Apr,88.4,1
S0214,May,56.8,4
S0214,Jun,86.0,1
S0215,Jan,75.2,2
S0215,Feb,60.7,3
S0215,Mar,68.9,3
S0215,Apr,85.3,1
S0215,May,76.6,2
S0215,Jun,83.8,1
S0216,Jan,100.0,0
S0216,Feb,51.5,4
S0216,Mar,99.3,0
S0216,Apr,76.6,2
S0216,May,61.5,3
S0216,Jun,55.0,4
S0217,Jan,72.2,2
S0217,Feb,88.8,1
S0217,Mar,73.1,2
S0217,Apr,97.7,0
S0217,May,53.2,4
S0217,Jun,74.8,2
S0218,Jan,56.2,4
S0218,Feb,80.5,1
S0218,Mar,88.3,1
S0218,Apr,68.7,3
S0218,May,40.0,6
S0218,Jun,78.0,2
S0219,Jan,81.6,1
S0219,Feb,81.1,1
S0219,Mar,93.5,0
S0219,Apr,58.9,4
S0219,May,85.2,1
S0219,Jun,92.9,0
S0220,Jan,48.3,5
S0220,Feb,79.8,2
S0220,Mar,67.4,3
S0220,Apr,73.8,2
S0220,May,80.2,1
S0220,Jun,67.7,3
S0221,Jan,64.9,3
S0221,Feb,75.5,2
S0221,Mar,58.7,4
S0221,Apr,58.7,4
S0221,May,85.2,1
S0221,Jun,57.8,4
S0222,Jan,85.0,1
S0222,Feb,81.9,1
S0222,Mar,49.1,5
S0222,Apr,64.8,3
S0222,May,92.9,0
S0222,Jun,60.3,3
S0223,Jan,68.0,3
S0223,Feb,81.9,1
S0223,Mar,86.8,1
S0223,Apr,71.2,2
S0223,May,66.0,3
S0223,Jun,96.3,0
S0224,Jan,100.0,0
S0224,Feb,89.7,1
S0224,Mar,76.3,2
S0224,Apr,62.9,3
S0224,May,62.5,3
S0224,Jun,82.8,1
S0225,Jan,81.3,1
S0225,Feb,96.0,0
S0225,Mar,84.8,1
S0225,Apr,52.5,4
S0225,May,90.8,0
S0225,Jun,60.0,3
S0226,Jan,69.2,3
S0226,Feb,78.8,2
S0226,Mar,100.0,0
S0226,Apr,100.0,0
S0226,May,84.1,1
S0226,Jun,72.3,2
S0227,Jan,83.0,1
S0227,Feb,88.3,1
S0227,Mar,70.2,2
S0227,Apr,100.0,0
S0227,May,78.5,2
S0227,Jun,82.5,1
S0228,Jan,85.0,1
S0228,Feb,81.3,1
S0228,Mar,87.6,1
S0228,Apr,65.7,3
S0228,May,66.6,3
S0228,Jun,58.5,4
S0229,Jan,81.6,1
S0229,Feb,86.7,1
S0229,Mar,81.9,1
S0229,Apr,100.0,0
S0229,May,74.9,2
S0229,Jun,85.0,1
S0230,Jan,58.6,4
S0230,Feb,69.2,3
S0230,Mar,85.4,1
S0230,Apr,87.7,1
S0230,May,70.6,2
S0230,Jun,73.9,2
S0231,Jan,52.2,4
S0231,Feb,69.6,3
S0231,Mar,88.4,1
S0231,Apr,83.6,1
S0231,May,82.5,1
S0231,Jun,75.7,2
S0232,Jan,75.1,2
S0232,Feb,65.1,3
S0232,Mar,85.5,1
S0232,Apr,81.3,1
S0232,May,82.4,1
S0232,Jun,67.1,3
S0233,Jan,42.7,5
S0233,Feb,91.5,0
S0233,Mar,67.8,3
S0233,Apr,62.1,3
S0233,May,85.4,1
S0233,Jun,69.1,3
S0234,Jan,90.9,0
S0234,Feb,84.3,1
S0234,Mar,85.3,1
S0234,Apr,54.5,4
S0234,May,93.2,0
S0234,Jun,78.9,2
S0235,Jan,69.5,3
S0235,Feb,77.2,2
S0235,Mar,48.4,5
S0235,Apr,81.1,1
S0235,May,59.6,4
S0235,Jun,54.7,4
S0236,Jan,52.2,4
S0236,Feb,91.7,0
S0236,Mar,65.6,3
S0236,Apr,98.0,0
S0236,May,67.0,3
S0236,Jun,49.4,5
S0237,Jan,58.3,4
S0237,Feb,93.5,0
S0237,Mar,72.7,2
S0237,Apr,66.8,3
S0237,May,77.4,2
S0237,Jun,82.5,1
S0238,Jan,91.8,0
S0238,Feb,96.7,0
S0238,Mar,69.6,3
S0238,Apr,55.1,4
S0238,May,68.8,3
S0238,Jun,78.9,2
S0239,Jan,60.5,3
S0239,Feb,60.6,3
S0239,Mar,80.2,1
S0239,Apr,74.3,2
S0239,May,75.5,2
S0239,Jun,63.6,3
S0240,Jan,71.5,2
S0240,Feb,61.1,3
S0240,Mar,88.4,1
S0240,Apr,90.5,0
S0240,May,47.3,5
S0240,Jun,61.1,3
S0241,Jan,52.6,4
S0241,Feb,65.2,3
S0241,Mar,73.7,2
S0241,Apr,53.3,4
S0241,May,61.2,3
S0241,Jun,59.9,4
S0242,Jan,78.1,2
S0242,Feb,76.0,2
S0242,Mar,64.2,3
S0242,Apr,77.7,2
S0242,May,66.8,3
S0242,Jun,70.9,2
S0243,Jan,100.0,0
S0243,Feb,95.1,0
S0243,Mar,55.5,4
S0243,Apr,87.4,1
S0243,May,87.2,1
S0243,Jun,57.8,4
S0244,Jan,87.3,1
S0244,Feb,98.1,0
S0244,Mar,58.2,4
S0244,Apr,61.2,3
S0244,May,90.3,0
S0244,Jun,79.1,2
S0245,Jan,83.3,1
S0245,Feb,80.1,1
S0245,Mar,80.9,1
S0245,Apr,55.1,4
S0245,May,90.7,0
S0245,Jun,92.5,0
S0246,Jan,71.6,2
S0246,Feb,74.3,2
S0246,Mar,52.0,4
S0246,Apr,82.7,1
S0246,May,83.6,1
S0246,Jun,74.1,2
S0247,Jan,91.9,0
S0247,Feb,70.0,3
S0247,Mar,83.5,1
S0247,Apr,59.7,4
S0247,May,74.6,2
S0247,Jun,72.4,2
S0248,Jan,78.4,2
S0248,Feb,69.5,3
S0248,Mar,73.0,2
S0248,Apr,87.4,1
S0248,May,68.4,3
S0248,Jun,50.9,4
S0249,Jan,100.0,0
S0249,Feb,95.7,0
S0249,Mar,55.6,4
S0249,Apr,85.3,1
S0249,May,67.5,3
S0249,Jun,79.0,2
S0250,Jan,79.4,2
S0250,Feb,71.5,2
S0250,Mar,63.2,3
S0250,Apr,64.6,3
S0250,May,61.3,3
S0250,Jun,62.5,3
S0251,Jan,74.0,2
S0251,Feb,64.3,3
S0251,Mar,85.2,1
S0251,Apr,97.3,0
S0251,May,66.3,3
S0251,Jun,78.6,2
S0252,Jan,82.5,1
S0252,Feb,82.1,1
S0252,Mar,76.1,2
S0252,Apr,86.1,1
S0252,May,82.2,1
S0252,Jun,56.4,4
S0253,Jan,88.0,1
S0253,Feb,88.3,1
S0253,Mar,63.6,3
S0253,Apr,75.6,2
S0253,May,85.2,1
S0253,Jun,71.9,2
S0254,Jan,91.1,0
S0254,Feb,100.0,0
S0254,Mar,63.2,3
S0254,Apr,54.3,4
S0254,May,79.6,2
S0254,Jun,85.8,1
S0255,Jan,71.5,2
S0255,Feb,96.8,0
S0255,Mar,54.9,4
S0255,Apr,85.4,1
S0255,May,65.9,3
S0255,Jun,100.0,0
S0256,Jan,100.0,0
S0256,Feb,63.5,3
S0256,Mar,66.8,3
S0256,Apr,87.9,1
S0256,May,69.2,3
S0256,Jun,74.3,2
S0257,Jan,75.4,2
S0257,Feb,46.2,5
S0257,Mar,74.8,2
S0257,Apr,64.7,3
S0257,May,67.6,3
S0257,Jun,96.7,0
S0258,Jan,56.2,4
S0258,Feb,87.2,1
S0258,Mar,70.8,2
S0258,Apr,70.8,2
S0258,May,86.9,1
S0258,Jun,80.1,1
S0259,Jan,83.6,1
S0259,Feb,89.5,1
S0259,Mar,70.0,2
S0259,Apr,65.8,3
S0259,May,58.7,4
S0259,Jun,62.6,3
S0260,Jan,100.0,0
S0260,Feb,93.7,0
S0260,Mar,54.7,4
S0260,Apr,55.2,4
S0260,May,82.2,1
S0260,Jun,83.2,1
S0261,Jan,83.2,1
S0261,Feb,71.2,2
S0261,Mar,73.1,2
S0261,Apr,79.9,2
S0261,May,76.3,2
S0261,Jun,41.7,5
S0262,Jan,71.6,2
S0262,Feb,62.2,3
S0262,Mar,77.6,2
S0262,Apr,100.0,0
S0262,May,80.5,1
S0262,Jun,70.3,2
S0263,Jan,88.8,1
S0263,Feb,82.2,1
S0263,Mar,81.3,1
S0263,Apr,84.1,1
S0263,May,100.0,0
S0263,Jun,58.0,4
S0264,Jan,82.1,1
S0264,Feb,61.1,3
S0264,Mar,83.3,1
S0264,Apr,61.2,3
S0264,May,68.7,3
S0264,Jun,70.6,2
S0265,Jan,89.6,1
S0265,Feb,88.8,1
S0265,Mar,56.3,4
S0265,Apr,75.8,2
S0265,May,64.4,3
S0265,Jun,56.1,4
S0266,Jan,71.7,2
S0266,Feb,70.4,2
S0266,Mar,100.0,0
S0266,Apr,81.5,1
S0266,May,54.3,4
S0266,Jun,66.5,3
S0267,Jan,90.3,0
S0267,Feb,100.0,0
S0267,Mar,51.2,4
S0267,Apr,46.8,5
S0267,May,100.0,0
S0267,Jun,80.8,1
S0268,Jan,62.0,3
S0268,Feb,83.0,1
S0268,Mar,40.0,6
S0268,Apr,75.1,2
S0268,May,79.9,2
S0268,Jun,88.9,1
S0269,Jan,59.8,4
S0269,Feb,76.3,2
S0269,Mar,61.1,3
S0269,Apr,78.8,2
S0269,May,61.6,3
S0269,Jun,68.9,3
S0270,Jan,60.1,3
S0270,Feb,84.8,1
S0270,Mar,87.9,1
S0270,Apr,71.5,2
S0270,May,75.6,2
S0270,Jun,53.3,4
S0271,Jan,70.5,2
S0271,Feb,74.2,2
S0271,Mar,100.0,0
S0271,Apr,58.3,4
S0271,May,97.0,0
S0271,Jun,90.0,1
S0272,Jan,79.2,2
S0272,Feb,100.0,0
S0272,Mar,80.6,1
S0272,Apr,80.8,1
S0272,May,74.2,2
S0272,Jun,93.4,0
S0273,Jan,91.4,0
S0273,Feb,65.6,3
S0273,Mar,55.2,4
S0273,Apr,72.0,2
S0273,May,63.0,3
S0273,Jun,74.0,2
S0274,Jan,93.6,0
S0274,Feb,68.1,3
S0274,Mar,74.4,2
S0274,Apr,75.9,2
S0274,May,87.7,1
S0274,Jun,41.3,5
S0275,Jan,65.9,3
S0275,Feb,78.2,2
S0275,Mar,93.0,0
S0275,Apr,67.6,3
S0275,May,46.9,5
S0275,Jun,84.3,1
S0276,Jan,65.5,3
S0276,Feb,57.2,4
S0276,Mar,65.6,3
S0276,Apr,72.2,2
S0276,May,65.9,3
S0276,Jun,41.9,5
S0277,Jan,88.5,1
S0277,Feb,94.1,0
S0277,Mar,84.8,1
S0277,Apr,57.9,4
S0277,May,72.0,2
S0277,Jun,74.9,2
S0278,Jan,84.0,1
S0278,Feb,85.0,1
S0278,Mar,64.0,3
S0278,Apr,76.2,2
S0278,May,81.9,1
S0278,Jun,96.8,0
S0279,Jan,85.6,1
S0279,Feb,86.8,1
S0279,Mar,76.3,2
S0279,Apr,96.2,0
S0279,May,81.1,1
S0279,Jun,62.1,3
S0280,Jan,96.1,0
S0280,Feb,85.5,1
S0280,Mar,68.4,3
S0280,Apr,67.8,3
S0280,May,79.4,2
S0280,Jun,81.9,1
S0281,Jan,78.0,2
S0281,Feb,79.7,2
S0281,Mar,100.0,0
S0281,Apr,91.1,0
S0281,May,77.9,2
S0281,Jun,89.1,1
S0282,Jan,59.5,4
S0282,Feb,81.0,1
S0282,Mar,100.0,0
S0282,Apr,71.7,2
S0282,May,62.3,3
S0282,Jun,65.2,3
S0283,Jan,58.7,4
S0283,Feb,63.2,3
S0283,Mar,69.4,3
S0283,Apr,53.9,4
S0283,May,75.2,2
S0283,Jun,88.5,1
S0284,Jan,61.4,3
S0284,Feb,97.8,0
S0284,Mar,82.7,1
S0284,Apr,90.5,0
S0284,May,65.1,3
S0284,Jun,87.8,1
S0285,Jan,58.6,4
S0285,Feb,88.4,1
S0285,Mar,77.6,2
S0285,Apr,83.3,1
S0285,May,57.4,4
S0285,Jun,61.6,3
S0286,Jan,84.0,1
S0286,Feb,60.8,3
S0286,Mar,81.9,1
S0286,Apr,54.5,4
S0286,May,87.7,1
S0286,Jun,56.5,4
S0287,Jan,83.3,1
S0287,Feb,84.4,1
S0287,Mar,64.5,3
S0287,Apr,83.7,1
S0287,May,78.9,2
S0287,Jun,66.9,3
S0288,Jan,59.9,4
S0288,Feb,45.6,5
S0288,Mar,80.2,1
S0288,Apr,51.5,4
S0288,May,76.4,2
S0288,Jun,71.0,2
S0289,Jan,85.2,1
S0289,Feb,70.5,2
S0289,Mar,70.1,2
S0289,Apr,86.0,1
S0289,May,80.0,1
S0289,Jun,79.7,2
S0290,Jan,82.0,1
S0290,Feb,52.0,4
S0290,Mar,86.4,1
S0290,Apr,84.2,1
S0290,May,59.7,4
S0290,Jun,71.3,2
S0291,Jan,74.4,2
S0291,Feb,73.0,2
S0291,Mar,80.0,1
S0291,Apr,96.5,0
S0291,May,91.2,0
S0291,Jun,55.3,4
S0292,Jan,84.3,1
S0292,Feb,94.9,0
S0292,Mar,80.8,1
S0292,Apr,91.4,0
S0292,May,100.0,0
S0292,Jun,90.4,0
S0293,Jan,78.7,2
S0293,Feb,90.7,0
S0293,Mar,77.2,2
S0293,Apr,75.4,2
S0293,May,69.7,3
S0293,Jun,98.5,0
S0294,Jan,62.7,3
S0294,Feb,98.0,0
S0294,Mar,82.5,1
S0294,Apr,54.0,4
S0294,May,80.5,1
S0294,Jun,43.5,5
S0295,Jan,84.4,1
S0295,Feb,88.3,1
S0295,Mar,66.1,3
S0295,Apr,76.9,2
S0295,May,100.0,0
S0295,Jun,67.4,3
S0296,Jan,59.1,4
S0296,Feb,97.2,0
S0296,Mar,100.0,0
S0296,Apr,75.1,2
S0296,May,90.2,0
S0296,Jun,95.1,0
S0297,Jan,63.9,3
S0297,Feb,67.7,3
S0297,Mar,93.5,0
S0297,Apr,100.0,0
S0297,May,83.4,1
S0297,Jun,61.8,3
S0298,Jan,100.0,0
S0298,Feb,67.0,3
S0298,Mar,70.0,3
S0298,Apr,80.1,1
S0298,May,98.3,0
S0298,Jun,87.8,1
S0299,Jan,81.2,1
S0299,Feb,81.9,1
S0299,Mar,75.7,2
S0299,Apr,83.4,1
S0299,May,40.0,6
S0299,Jun,70.6,2
S0300,Jan,78.6,2
S0300,Feb,57.7,4
S0300,Mar,80.8,1
S0300,Apr,71.9,2
S0300,May,100.0,0
S0300,Jun,98.6,0
S0301,Jan,68.0,3
S0301,Feb,72.7,2
S0301,Mar,73.9,2
S0301,Apr,68.2,3
S0301,May,77.9,2
S0301,Jun,63.6,3
S0302,Jan,58.0,4
S0302,Feb,84.3,1
S0302,Mar,84.4,1
S0302,Apr,62.9,3
S0302,May,88.4,1
S0302,Jun,65.5,3
S0303,Jan,78.8,2
S0303,Feb,87.3,1
S0303,Mar,74.5,2
S0303,Apr,81.8,1
S0303,May,67.3,3
S0303,Jun,72.1,2
S0304,Jan,71.9,2
S0304,Feb,63.8,3
S0304,Mar,72.3,2
S0304,Apr,51.8,4
S0304,May,67.6,3
S0304,Jun,70.7,2
S0305,Jan,71.2,2
S0305,Feb,71.4,2
S0305,Mar,74.1,2
S0305,Apr,82.2,1
S0305,May,88.1,1
S0305,Jun,65.3,3
S0306,Jan,57.0,4
S0306,Feb,59.4,4
S0306,Mar,67.7,3
S0306,Apr,69.7,3
S0306,May,63.5,3
S0306,Jun,55.6,4
S0307,Jan,68.2,3
S0307,Feb,77.7,2
S0307,Mar,83.9,1
S0307,Apr,66.6,3
S0307,May,68.8,3
S0307,Jun,61.1,3
S0308,Jan,74.5,2
S0308,Feb,62.3,3
S0308,Mar,83.6,1
S0308,Apr,48.2,5
S0308,May,69.6,3
S0308,Jun,79.5,2
S0309,Jan,77.8,2
S0309,Feb,100.0,0
S0309,Mar,80.2,1
S0309,Apr,59.9,4
S0309,May,73.6,2
S0309,Jun,48.4,5
S0310,Jan,73.8,2
S0310,Feb,62.5,3
S0310,Mar,88.7,1
S0310,Apr,66.8,3
S0310,May,73.2,2
S0310,Jun,65.5,3
S0311,Jan,100.0,0
S0311,Feb,70.2,2
S0311,Mar,100.0,0
S0311,Apr,87.2,1
S0311,May,82.2,1
S0311,Jun,80.5,1
S0312,Jan,80.9,1
S0312,Feb,46.1,5
S0312,Mar,70.8,2
S0312,Apr,87.7,1
S0312,May,74.3,2
S0312,Jun,53.9,4
S0313,Jan,74.2,2
S0313,Feb,100.0,0
S0313,Mar,93.7,0
S0313,Apr,74.1,2
S0313,May,89.3,1
S0313,Jun,69.5,3
S0314,Jan,49.4,5
S0314,Feb,61.1,3
S0314,Mar,98.4,0
S0314,Apr,70.9,2
S0314,May,71.3,2
S0314,Jun,70.5,2
S0315,Jan,100.0,0
S0315,Feb,99.4,0
S0315,Mar,100.0,0
S0315,Apr,72.6,2
S0315,May,79.4,2
S0315,Jun,52.3,4
S0316,Jan,97.2,0
S0316,Feb,57.5,4
S0316,Mar,78.3,2
S0316,Apr,58.5,4
S0316,May,66.2,3
S0316,Jun,62.4,3
S0317,Jan,65.9,3
S0317,Feb,66.9,3
S0317,Mar,66.8,3
S0317,Apr,87.5,1
S0317,May,58.4,4
S0317,Jun,78.3,2
S0318,Jan,93.3,0
S0318,Feb,67.3,3
S0318,Mar,64.2,3
S0318,Apr,71.5,2
S0318,May,92.7,0
S0318,Jun,77.9,2
S0319,Jan,67.0,3
S0319,Feb,82.3,1
S0319,Mar,58.5,4
S0319,Apr,85.2,1
S0319,May,81.1,1
S0319,Jun,70.4,2
S0320,Jan,62.4,3
S0320,Feb,61.7,3
S0320,Mar,83.0,1
S0320,Apr,93.4,0
S0320,May,65.4,3
S0320,Jun,81.9,1
S0321,Jan,43.7,5
S0321,Feb,66.2,3
S0321,Mar,74.5,2
S0321,Apr,61.4,3
S0321,May,61.0,3
S0321,Jun,65.0,3
S0322,Jan,79.4,2
S0322,Feb,72.2,2
S0322,Mar,41.4,5
S0322,Apr,43.2,5
S0322,May,65.9,3
S0322,Jun,81.9,1
S0323,Jan,40.0,6
S0323,Feb,67.5,3
S0323,Mar,67.1,3
S0323,Apr,95.8,0
S0323,May,69.2,3
S0323,Jun,80.7,1
S0324,Jan,77.1,2
S0324,Feb,43.0,5
S0324,Mar,86.5,1
S0324,Apr,78.2,2
S0324,May,82.6,1
S0324,Jun,100.0,0
S0325,Jan,43.7,5
S0325,Feb,100.0,0
S0325,Mar,70.7,2
S0325,Apr,79.3,2
S0325,May,74.3,2
S0325,Jun,68.6,3
S0326,Jan,66.5,3
S0326,Feb,79.9,2
S0326,Mar,52.2,4
S0326,Apr,86.3,1
S0326,May,68.8,3
S0326,Jun,58.0,4
S0327,Jan,68.2,3
S0327,Feb,93.9,0
S0327,Mar,67.0,3
S0327,Apr,80.4,1
S0327,May,64.0,3
S0327,Jun,86.4,1
S0328,Jan,85.3,1
S0328,Feb,100.0,0
S0328,Mar,72.4,2
S0328,Apr,85.0,1
S0328,May,76.5,2
S0328,Jun,94.4,0
S0329,Jan,64.2,3
S0329,Feb,86.2,1
S0329,Mar,72.1,2
S0329,Apr,74.0,2
S0329,May,76.4,2
S0329,Jun,78.8,2
S0330,Jan,73.3,2
S0330,Feb,78.2,2
S0330,Mar,98.7,0
S0330,Apr,89.8,1
S0330,May,88.0,1
S0330,Jun,68.2,3
S0331,Jan,61.7,3
S0331,Feb,89.3,1
S0331,Mar,88.1,1
S0331,Apr,97.1,0
S0331,May,65.9,3
S0331,Jun,71.6,2
S0332,Jan,50.4,4
S0332,Feb,69.1,3
S0332,Mar,89.9,1
S0332,Apr,68.0,3
S0332,May,84.6,1
S0332,Jun,72.1,2
S0333,Jan,79.9,2
S0333,Feb,57.8,4
S0333,Mar,76.3,2
S0333,Apr,40.0,6
S0333,May,72.2,2
S0333,Jun,50.5,4
S0334,Jan,93.1,0
S0334,Feb,86.7,1
S0334,Mar,82.0,1
S0334,Apr,97.8,0
S0334,May,60.8,3
S0334,Jun,100.0,0
S0335,Jan,89.0,1
S0335,Feb,71.5,2
S0335,Mar,92.0,0
S0335,Apr,58.4,4
S0335,May,62.6,3
S0335,Jun,65.9,3
S0336,Jan,67.1,3
S0336,Feb,59.2,4
S0336,Mar,93.3,0
S0336,Apr,71.1,2
S0336,May,80.3,1
S0336,Jun,66.4,3
S0337,Jan,47.7,5
S0337,Feb,79.1,2
S0337,Mar,46.3,5
S0337,Apr,74.0,2
S0337,May,54.5,4
S0337,Jun,100.0,0
S0338,Jan,88.7,1
S0338,Feb,76.6,2
S0338,Mar,94.0,0
S0338,Apr,62.3,3
S0338,May,83.2,1
S0338,Jun,78.0,2
S0339,Jan,79.0,2
S0339,Feb,94.1,0
S0339,Mar,86.0,1
S0339,Apr,79.3,2
S0339,May,50.2,4
S0339,Jun,60.6,3
S0340,Jan,73.2,2
S0340,Feb,76.4,2
S0340,Mar,58.0,4
S0340,Apr,100.0,0
S0340,May,97.7,0
S0340,Jun,84.0,1
S0341,Jan,76.1,2
S0341,Feb,71.8,2
S0341,Mar,60.7,3
S0341,Apr,76.2,2
S0341,May,78.9,2
S0341,Jun,56.4,4
S0342,Jan,80.0,1
S0342,Feb,72.7,2
S0342,Mar,46.4,5
S0342,Apr,62.1,3
S0342,May,68.8,3
S0342,Jun,100.0,0
S0343,Jan,83.3,1
S0343,Feb,55.0,4
S0343,Mar,82.3,1
S0343,Apr,51.8,4
S0343,May,91.2,0
S0343,Jun,67.9,3
S0344,Jan,73.6,2
S0344,Feb,94.9,0
S0344,Mar,55.7,4
S0344,Apr,54.0,4
S0344,May,66.2,3
S0344,Jun,90.6,0
S0345,Jan,52.2,4
S0345,Feb,40.0,6
S0345,Mar,68.2,3
S0345,Apr,83.3,1
S0345,May,93.0,0
S0345,Jun,68.1,3
S0346,Jan,68.8,3
S0346,Feb,92.3,0
S0346,Mar,47.0,5
S0346,Apr,69.2,3
S0346,May,77.9,2
S0346,Jun,81.7,1
S0347,Jan,67.4,3
S0347,Feb,75.5,2
S0347,Mar,40.0,6
S0347,Apr,65.1,3
S0347,May,81.8,1
S0347,Jun,60.3,3
S0348,Jan,75.9,2
S0348,Feb,81.7,1
S0348,Mar,69.9,3
S0348,Apr,77.6,2
S0348,May,60.6,3
S0348,Jun,71.9,2
S0349,Jan,84.2,1
S0349,Feb,77.4,2
S0349,Mar,66.2,3
S0349,Apr,78.4,2
S0349,May,85.7,1
S0349,Jun,44.3,5
S0350,Jan,92.4,0
S0350,Feb,70.0,3
S0350,Mar,81.4,1
S0350,Apr,93.0,0
S0350,May,54.4,4
S0350,Jun,64.4,3
S0351,Jan,70.7,2
S0351,Feb,63.2,3
S0351,Mar,100.0,0
S0351,Apr,62.1,3
S0351,May,66.7,3
S0351,Jun,78.1,2
S0352,Jan,57.0,4
S0352,Feb,69.1,3
S0352,Mar,79.8,2
S0352,Apr,70.0,2
S0352,May,73.6,2
S0352,Jun,67.1,3
S0353,Jan,52.3,4
S0353,Feb,79.8,2
S0353,Mar,100.0,0
S0353,Apr,75.3,2
S0353,May,78.4,2
S0353,Jun,85.4,1
S0354,Jan,56.0,4
S0354,Feb,100.0,0
S0354,Mar,78.0,2
S0354,Apr,99.5,0
S0354,May,64.0,3
S0354,Jun,100.0,0
S0355,Jan,86.6,1
S0355,Feb,83.3,1
S0355,Mar,78.5,2
S0355,Apr,71.3,2
S0355,May,93.0,0
S0355,Jun,77.1,2
S0356,Jan,45.5,5
S0356,Feb,58.2,4
S0356,Mar,72.2,2
S0356,Apr,79.6,2
S0356,May,74.2,2
S0356,Jun,93.3,0
S0357,Jan,45.7,5
S0357,Feb,77.2,2
S0357,Mar,47.7,5
S0357,Apr,86.4,1
S0357,May,73.6,2
S0357,Jun,81.3,1
S0358,Jan,62.0,3
S0358,Feb,94.2,0
S0358,Mar,90.6,0
S0358,Apr,83.8,1
S0358,May,73.1,2
S0358,Jun,83.7,1
S0359,Jan,64.4,3
S0359,Feb,87.8,1
S0359,Mar,99.7,0
S0359,Apr,91.1,0
S0359,May,64.1,3
S0359,Jun,80.4,1
S0360,Jan,55.6,4
S0360,Feb,83.6,1
S0360,Mar,81.8,1
S0360,Apr,47.0,5
S0360,May,57.6,4
S0360,Jun,70.8,2
S0361,Jan,70.5,2
S0361,Feb,56.9,4
S0361,Mar,80.8,1
S0361,Apr,78.8,2
S0361,May,72.1,2
S0361,Jun,63.7,3
S0362,Jan,90.7,0
S0362,Feb,99.8,0
S0362,Mar,67.7,3
S0362,Apr,65.8,3
S0362,May,82.4,1
S0362,Jun,69.6,3
S0363,Jan,72.9,2
S0363,Feb,86.1,1
S0363,Mar,46.4,5
S0363,Apr,94.8,0
S0363,May,76.1,2
S0363,Jun,68.8,3
S0364,Jan,73.7,2
S0364,Feb,74.4,2
S0364,Mar,49.0,5
S0364,Apr,97.4,0
S0364,May,75.6,2
S0364,Jun,81.6,1
S0365,Jan,89.3,1
S0365,Feb,59.7,4
S0365,Mar,82.1,1
S0365,Apr,71.0,2
S0365,May,87.7,1
S0365,Jun,43.1,5
S0366,Jan,73.5,2
S0366,Feb,66.0,3
S0366,Mar,81.5,1
S0366,Apr,82.1,1
S0366,May,64.4,3
S0366,Jun,64.3,3
S0367,Jan,73.3,2
S0367,Feb,61.6,3
S0367,Mar,87.6,1
S0367,Apr,69.5,3
S0367,May,40.0,6
S0367,Jun,69.4,3
S0368,Jan,59.4,4
S0368,Feb,50.5,4
S0368,Mar,56.4,4
S0368,Apr,76.6,2
S0368,May,94.9,0
S0368,Jun,79.7,2
S0369,Jan,65.9,3
S0369,Feb,81.8,1
S0369,Mar,68.1,3
S0369,Apr,64.6,3
S0369,May,57.7,4
S0369,Jun,48.7,5
S0370,Jan,69.2,3
S0370,Feb,77.4,2
S0370,Mar,73.6,2
S0370,Apr,68.8,3
S0370,May,60.8,3
S0370,Jun,84.1,1
S0371,Jan,55.2,4
S0371,Feb,86.6,1
S0371,Mar,60.0,4
S0371,Apr,63.7,3
S0371,May,53.0,4
S0371,Jun,67.5,3
S0372,Jan,89.6,1
S0372,Feb,82.7,1
S0372,Mar,89.7,1
S0372,Apr,82.8,1
S0372,May,58.4,4
S0372,Jun,70.0,2
S0373,Jan,63.3,3
S0373,Feb,95.0,0
S0373,Mar,57.0,4
S0373,Apr,88.4,1
S0373,May,88.4,1
S0373,Jun,100.0,0
S0374,Jan,68.9,3
S0374,Feb,85.7,1
S0374,Mar,100.0,0
S0374,Apr,65.7,3
S0374,May,52.0,4
S0374,Jun,46.8,5
S0375,Jan,85.7,1
S0375,Feb,46.8,5
S0375,Mar,69.4,3
S0375,Apr,81.6,1
S0375,May,77.8,2
S0375,Jun,81.4,1
S0376,Jan,78.3,2
S0376,Feb,94.2,0
S0376,Mar,60.7,3
S0376,Apr,64.8,3
S0376,May,63.4,3
S0376,Jun,87.5,1
S0377,Jan,88.5,1
S0377,Feb,81.8,1
S0377,Mar,92.8,0
S0377,Apr,57.3,4
S0377,May,100.0,0
S0377,Jun,97.8,0
S0378,Jan,86.0,1
S0378,Feb,100.0,0
S0378,Mar,50.2,4
S0378,Apr,67.1,3
S0378,May,64.0,3
S0378,Jun,85.8,1
S0379,Jan,59.2,4
S0379,Feb,86.4,1
S0379,Mar,95.6,0
S0379,Apr,85.4,1
S0379,May,79.3,2
S0379,Jun,60.2,3
S0380,Jan,62.3,3
S0380,Feb,93.7,0
S0380,Mar,86.7,1
S0380,Apr,74.4,2
S0380,May,68.7,3
S0380,Jun,44.6,5
S0381,Jan,58.9,4
S0381,Feb,100.0,0
S0381,Mar,55.8,4
S0381,Apr,77.8,2
S0381,May,90.1,0
S0381,Jun,56.2,4
S0382,Jan,77.8,2
S0382,Feb,89.1,1
S0382,Mar,75.2,2
S0382,Apr,100.0,0
S0382,May,50.0,5
S0382,Jun,90.9,0
S0383,Jan,72.4,2
S0383,Feb,86.6,1
S0383,Mar,81.6,1
S0383,Apr,64.0,3
S0383,May,78.4,2
S0383,Jun,47.1,5
S0384,Jan,84.0,1
S0384,Feb,79.5,2
S0384,Mar,84.6,1
S0384,Apr,90.9,0
S0384,May,80.5,1
S0384,Jun,77.2,2
S0385,Jan,61.8,3
S0385,Feb,64.3,3
S0385,Mar,92.8,0
S0385,Apr,96.5,0
S0385,May,71.4,2
S0385,Jun,75.7,2
S0386,Jan,61.4,3
S0386,Feb,92.6,0
S0386,Mar,85.0,1
S0386,Apr,100.0,0
S0386,May,61.8,3
S0386,Jun,69.3,3
S0387,Jan,78.5,2
S0387,Feb,84.7,1
S0387,Mar,71.8,2
S0387,Apr,61.9,3
S0387,May,88.2,1
S0387,Jun,85.8,1
S0388,Jan,61.3,3
S0388,Feb,95.3,0
S0388,Mar,92.6,0
S0388,Apr,77.0,2
S0388,May,76.2,2
S0388,Jun,83.3,1
S0389,Jan,62.1,3
S0389,Feb,75.5,2
S0389,Mar,42.7,5
S0389,Apr,88.1,1
S0389,May,51.6,4
S0389,Jun,97.6,0
S0390,Jan,70.0,2
S0390,Feb,71.8,2
S0390,Mar,65.6,3
S0390,Apr,70.7,2
S0390,May,96.3,0
S0390,Jun,40.0,6
S0391,Jan,94.2,0
S0391,Feb,80.1,1
S0391,Mar,56.9,4
S0391,Apr,58.9,4
S0391,May,100.0,0
S0391,Jun,60.8,3
S0392,Jan,57.7,4
S0392,Feb,92.1,0
S0392,Mar,80.1,1
S0392,Apr,60.9,3
S0392,May,78.2,2
S0392,Jun,59.6,4
S0393,Jan,91.5,0
S0393,Feb,90.9,0
S0393,Mar,83.0,1
S0393,Apr,80.4,1
S0393,May,100.0,0
S0393,Jun,75.0,2
S0394,Jan,57.3,4
S0394,Feb,81.7,1
S0394,Mar,100.0,0
S0394,Apr,59.8,4
S0394,May,69.6,3
S0394,Jun,81.2,1
S0395,Jan,74.2,2
S0395,Feb,60.3,3
S0395,Mar,91.8,0
S0395,Apr,100.0,0
S0395,May,77.9,2
S0395,Jun,61.4,3
S0396,Jan,51.8,4
S0396,Feb,78.9,2
S0396,Mar,91.6,0
S0396,Apr,82.1,1
S0396,May,75.0,2
S0396,Jun,66.2,3
S0397,Jan,58.6,4
S0397,Feb,87.5,1
S0397,Mar,88.7,1
S0397,Apr,51.8,4
S0397,May,98.8,0
S0397,Jun,83.6,1
S0398,Jan,96.0,0
S0398,Feb,54.9,4
S0398,Mar,54.5,4
S0398,Apr,72.8,2
S0398,May,82.5,1
S0398,Jun,100.0,0
S0399,Jan,85.6,1
S0399,Feb,71.4,2
S0399,Mar,59.6,4
S0399,Apr,93.5,0
S0399,May,60.5,3
S0399,Jun,99.4,0
S0400,Jan,70.7,2
S0400,Feb,98.9,0
S0400,Mar,85.2,1
S0400,Apr,72.9,2
S0400,May,67.2,3
S0400,Jun,69.9,3
S0401,Jan,81.4,1
S0401,Feb,76.2,2
S0401,Mar,66.1,3
S0401,Apr,72.5,2
S0401,May,76.2,2
S0401,Jun,43.1,5
S0402,Jan,81.9,1
S0402,Feb,60.3,3
S0402,Mar,57.7,4
S0402,Apr,49.7,5
S0402,May,48.1,5
S0402,Jun,54.7,4
S0403,Jan,64.4,3
S0403,Feb,100.0,0
S0403,Mar,67.1,3
S0403,Apr,77.7,2
S0403,May,81.0,1
S0403,Jun,77.0,2
S0404,Jan,73.8,2
S0404,Feb,57.1,4
S0404,Mar,96.8,0
S0404,Apr,100.0,0
S0404,May,49.8,5
S0404,Jun,59.6,4
S0405,Jan,70.8,2
S0405,Feb,60.5,3
S0405,Mar,82.6,1
S0405,Apr,64.1,3
S0405,May,100.0,0
S0405,Jun,92.9,0
S0406,Jan,78.2,2
S0406,Feb,90.4,0
S0406,Mar,91.6,0
S0406,Apr,66.5,3
S0406,May,62.8,3
S0406,Jun,76.2,2
S0407,Jan,87.9,1
S0407,Feb,77.1,2
S0407,Mar,51.3,4
S0407,Apr,63.0,3
S0407,May,73.9,2
S0407,Jun,73.9,2
S0408,Jan,100.0,0
S0408,Feb,54.2,4
S0408,Mar,82.6,1
S0408,Apr,97.3,0
S0408,May,100.0,0
S0408,Jun,68.9,3
S0409,Jan,82.4,1
S0409,Feb,83.5,1
S0409,Mar,77.9,2
S0409,Apr,73.5,2
S0409,May,81.5,1
S0409,Jun,40.0,6
S0410,Jan,85.2,1
S0410,Feb,76.9,2
S0410,Mar,71.7,2
S0410,Apr,100.0,0
S0410,May,64.9,3
S0410,Jun,69.0,3
S0411,Jan,100.0,0
S0411,Feb,62.5,3
S0411,Mar,66.7,3
S0411,Apr,72.8,2
S0411,May,87.6,1
S0411,Jun,78.1,2
S0412,Jan,55.6,4
S0412,Feb,67.0,3
S0412,Mar,65.9,3
S0412,Apr,73.8,2
S0412,May,81.4,1
S0412,Jun,81.3,1
S0413,Jan,48.4,5
S0413,Feb,91.0,0
S0413,Mar,78.8,2
S0413,Apr,95.8,0
S0413,May,81.7,1
S0413,Jun,91.5,0
S0414,Jan,82.0,1
S0414,Feb,95.2,0
S0414,Mar,82.8,1
S0414,Apr,73.5,2
S0414,May,100.0,0
S0414,Jun,88.3,1
S0415,Jan,83.6,1
S0415,Feb,55.9,4
S0415,Mar,55.7,4
S0415,Apr,79.4,2
S0415,May,77.2,2
S0415,Jun,65.8,3
S0416,Jan,77.1,2
S0416,Feb,98.8,0
S0416,Mar,85.4,1
S0416,Apr,57.9,4
S0416,May,73.3,2
S0416,Jun,62.9,3
S0417,Jan,69.2,3
S0417,Feb,68.8,3
S0417,Mar,67.8,3
S0417,Apr,56.2,4
S0417,May,73.1,2
S0417,Jun,66.6,3
S0418,Jan,40.0,6
S0418,Feb,100.0,0
S0418,Mar,91.3,0
S0418,Apr,69.4,3
S0418,May,75.3,2
S0418,Jun,57.4,4
S0419,Jan,100.0,0
S0419,Feb,100.0,0
S0419,Mar,77.4,2
S0419,Apr,90.4,0
S0419,May,77.6,2
S0419,Jun,54.9,4
S0420,Jan,68.8,3
S0420,Feb,77.0,2
S0420,Mar,68.2,3
S0420,Apr,71.7,2
S0420,May,73.6,2
S0420,Jun,73.8,2
S0421,Jan,75.8,2
S0421,Feb,59.1,4
S0421,Mar,64.2,3
S0421,Apr,55.7,4
S0421,May,89.7,1
S0421,Jun,43.4,5
S0422,Jan,92.3,0
S0422,Feb,95.8,0
S0422,Mar,70.5,2
S0422,Apr,40.0,6
S0422,May,69.6,3
S0422,Jun,74.0,2
S0423,Jan,59.8,4
S0423,Feb,67.3,3
S0423,Mar,98.0,0
S0423,Apr,85.0,1
S0423,May,61.1,3
S0423,Jun,51.0,4
S0424,Jan,70.1,2
S0424,Feb,71.8,2
S0424,Mar,82.4,1
S0424,Apr,67.0,3
S0424,May,82.7,1
S0424,Jun,100.0,0
S0425,Jan,87.2,1
S0425,Feb,74.3,2
S0425,Mar,72.3,2
S0425,Apr,69.6,3
S0425,May,92.7,0
S0425,Jun,65.6,3
S0426,Jan,75.7,2
S0426,Feb,75.8,2
S0426,Mar,67.5,3
S0426,Apr,54.4,4
S0426,May,79.8,2
S0426,Jun,74.1,2
S0427,Jan,82.5,1
S0427,Feb,67.0,3
S0427,Mar,93.3,0
S0427,Apr,61.8,3
S0427,May,100.0,0
S0427,Jun,48.8,5
S0428,Jan,81.5,1
S0428,Feb,82.1,1
S0428,Mar,63.1,3
S0428,Apr,81.4,1
S0428,May,94.2,0
S0428,Jun,41.7,5
S0429,Jan,82.5,1
S0429,Feb,40.0,6
S0429,Mar,60.5,3
S0429,Apr,99.4,0
S0429,May,66.3,3
S0429,Jun,57.4,4
S0430,Jan,72.0,2
S0430,Feb,100.0,0
S0430,Mar,47.5,5
S0430,Apr,59.2,4
S0430,May,97.5,0
S0430,Jun,100.0,0
S0431,Jan,73.4,2
S0431,Feb,56.4,4
S0431,Mar,100.0,0
S0431,Apr,98.9,0
S0431,May,85.2,1
S0431,Jun,62.8,3
S0432,Jan,74.3,2
S0432,Feb,72.6,2
S0432,Mar,80.0,2
S0432,Apr,96.8,0
S0432,May,88.2,1
S0432,Jun,58.8,4
S0433,Jan,95.6,0
S0433,Feb,79.7,2
S0433,Mar,85.3,1
S0433,Apr,97.0,0
S0433,May,58.3,4
S0433,Jun,74.5,2
S0434,Jan,67.0,3
S0434,Feb,51.5,4
S0434,Mar,80.2,1
S0434,Apr,100.0,0
S0434,May,47.4,5
S0434,Jun,74.5,2
S0435,Jan,84.6,1
S0435,Feb,76.8,2
S0435,Mar,73.3,2
S0435,Apr,55.5,4
S0435,May,78.5,2
S0435,Jun,63.6,3
S0436,Jan,42.2,5
S0436,Feb,92.9,0
S0436,Mar,89.4,1
S0436,Apr,75.8,2
S0436,May,78.4,2
S0436,Jun,91.1,0
S0437,Jan,78.4,2
S0437,Feb,88.6,1
S0437,Mar,70.5,2
S0437,Apr,94.7,0
S0437,May,79.8,2
S0437,Jun,77.9,2
S0438,Jan,55.9,4
S0438,Feb,79.3,2
S0438,Mar,62.5,3
S0438,Apr,65.4,3
S0438,May,62.8,3
S0438,Jun,59.0,4
S0439,Jan,100.0,0
S0439,Feb,95.0,0
S0439,Mar,100.0,0
S0439,Apr,56.7,4
S0439,May,76.1,2
S0439,Jun,55.6,4
S0440,Jan,64.6,3
S0440,Feb,61.2,3
S0440,Mar,93.6,0
S0440,Apr,69.1,3
S0440,May,91.0,0
S0440,Jun,84.1,1
S0441,Jan,100.0,0
S0441,Feb,52.8,4
S0441,Mar,93.9,0
S0441,Apr,92.2,0
S0441,May,60.4,3
S0441,Jun,90.1,0
S0442,Jan,80.0,1
S0442,Feb,71.6,2
S0442,Mar,62.6,3
S0442,Apr,64.2,3
S0442,May,100.0,0
S0442,Jun,75.0,2
S0443,Jan,86.7,1
S0443,Feb,63.1,3
S0443,Mar,63.3,3
S0443,Apr,91.2,0
S0443,May,54.8,4
S0443,Jun,68.8,3
S0444,Jan,75.5,2
S0444,Feb,76.7,2
S0444,Mar,72.3,2
S0444,Apr,80.9,1
S0444,May,85.4,1
S0444,Jun,86.0,1
S0445,Jan,60.2,3
S0445,Feb,70.7,2
S0445,Mar,92.9,0
S0445,Apr,88.4,1
S0445,May,54.4,4
S0445,Jun,80.3,1
S0446,Jan,45.3,5
S0446,Feb,75.7,2
S0446,Mar,100.0,0
S0446,Apr,60.8,3
S0446,May,62.5,3
S0446,Jun,86.5,1
S0447,Jan,51.9,4
S0447,Feb,65.5,3
S0447,Mar,83.9,1
S0447,Apr,65.5,3
S0447,May,71.5,2
S0447,Jun,86.2,1
S0448,Jan,81.3,1
S0448,Feb,79.0,2
S0448,Mar,69.9,3
S0448,Apr,80.6,1
S0448,May,73.1,2
S0448,Jun,81.9,1
S0449,Jan,67.5,3
S0449,Feb,72.3,2
S0449,Mar,60.2,3
S0449,Apr,74.5,2
S0449,May,62.8,3
S0449,Jun,58.3,4
S0450,Jan,78.9,2
S0450,Feb,78.2,2
S0450,Mar,86.7,1
S0450,Apr,68.5,3
S0450,May,81.1,1
S0450,Jun,83.3,1
S0451,Jan,81.7,1
S0451,Feb,62.6,3
S0451,Mar,77.2,2
S0451,Apr,80.5,1
S0451,May,75.1,2
S0451,Jun,43.7,5
S0452,Jan,77.4,2
S0452,Feb,100.0,0
S0452,Mar,69.6,3
S0452,Apr,64.1,3
S0452,May,80.6,1
S0452,Jun,79.7,2
S0453,Jan,92.9,0
S0453,Feb,56.1,4
S0453,Mar,86.0,1
S0453,Apr,83.9,1
S0453,May,72.9,2
S0453,Jun,80.1,1
S0454,Jan,90.4,0
S0454,Feb,88.1,1
S0454,Mar,57.9,4
S0454,Apr,87.3,1
S0454,May,74.0,2
S0454,Jun,76.1,2
S0455,Jan,76.1,2
S0455,Feb,72.7,2
S0455,Mar,92.9,0
S0455,Apr,73.7,2
S0455,May,58.2,4
S0455,Jun,69.1,3
S0456,Jan,77.7,2
S0456,Feb,93.4,0
S0456,Mar,84.0,1
S0456,Apr,62.2,3
S0456,May,100.0,0
S0456,Jun,79.0,2
S0457,Jan,94.1,0
S0457,Feb,72.7,2
S0457,Mar,83.0,1
S0457,Apr,87.6,1
S0457,May,93.3,0
S0457,Jun,90.9,0
S0458,Jan,88.1,1
S0458,Feb,70.3,2
S0458,Mar,66.4,3
S0458,Apr,80.0,2
S0458,May,89.0,1
S0458,Jun,71.7,2
S0459,Jan,91.0,0
S0459,Feb,96.8,0
S0459,Mar,61.3,3
S0459,Apr,62.4,3
S0459,May,72.9,2
S0459,Jun,79.6,2
S0460,Jan,67.1,3
S0460,Feb,95.3,0
S0460,Mar,81.4,1
S0460,Apr,75.6,2
S0460,May,53.5,4
S0460,Jun,55.3,4
S0461,Jan,79.2,2
S0461,Feb,43.0,5
S0461,Mar,90.2,0
S0461,Apr,72.6,2
S0461,May,100.0,0
S0461,Jun,100.0,0
S0462,Jan,72.3,2
S0462,Feb,73.4,2
S0462,Mar,89.9,1
S0462,Apr,100.0,0
S0462,May,50.4,4
S0462,Jun,48.2,5
S0463,Jan,65.7,3
S0463,Feb,83.7,1
S0463,Mar,82.5,1
S0463,Apr,91.0,0
S0463,May,57.0,4
S0463,Jun,40.3,5
S0464,Jan,87.9,1
S0464,Feb,62.6,3
S0464,Mar,44.7,5
S0464,Apr,77.2,2
S0464,May,86.9,1
S0464,Jun,73.2,2
S0465,Jan,68.1,3
S0465,Feb,72.6,2
S0465,Mar,69.4,3
S0465,Apr,54.8,4
S0465,May,64.3,3
S0465,Jun,82.8,1
S0466,Jan,79.8,2
S0466,Feb,77.5,2
S0466,Mar,60.1,3
S0466,Apr,72.3,2
S0466,May,42.3,5
S0466,Jun,77.7,2
S0467,Jan,96.4,0
S0467,Feb,52.9,4
S0467,Mar,66.2,3
S0467,Apr,79.9,2
S0467,May,93.8,0
S0467,Jun,68.3,3
S0468,Jan,64.6,3
S0468,Feb,45.5,5
S0468,Mar,76.6,2
S0468,Apr,100.0,0
S0468,May,79.2,2
S0468,Jun,74.7,2
S0469,Jan,79.8,2
S0469,Feb,74.8,2
S0469,Mar,62.8,3
S0469,Apr,87.3,1
S0469,May,78.4,2
S0469,Jun,75.3,2
S0470,Jan,60.4,3
S0470,Feb,94.6,0
S0470,Mar,85.0,1
S0470,Apr,66.7,3
S0470,May,90.0,0
S0470,Jun,67.5,3
S0471,Jan,63.3,3
S0471,Feb,63.6,3
S0471,Mar,48.4,5
S0471,Apr,82.1,1
S0471,May,47.5,5
S0471,Jun,56.6,4
S0472,Jan,43.9,5
S0472,Feb,73.7,2
S0472,Mar,72.7,2
S0472,Apr,70.1,2
S0472,May,59.4,4
S0472,Jun,57.4,4
S0473,Jan,82.0,1
S0473,Feb,66.7,3
S0473,Mar,79.7,2
S0473,Apr,61.7,3
S0473,May,77.7,2
S0473,Jun,94.5,0
S0474,Jan,83.8,1
S0474,Feb,68.8,3
S0474,Mar,78.9,2
S0474,Apr,71.4,2
S0474,May,75.1,2
S0474,Jun,70.1,2
S0475,Jan,72.5,2
S0475,Feb,78.2,2
S0475,Mar,60.1,3
S0475,Apr,59.8,4
S0475,May,54.2,4
S0475,Jun,51.0,4
S0476,Jan,56.7,4
S0476,Feb,77.4,2
S0476,Mar,61.6,3
S0476,Apr,82.7,1
S0476,May,75.5,2
S0476,Jun,45.5,5
S0477,Jan,84.8,1
S0477,Feb,87.2,1
S0477,Mar,60.1,3
S0477,Apr,81.3,1
S0477,May,62.2,3
S0477,Jun,76.5,2
S0478,Jan,56.0,4
S0478,Feb,48.1,5
S0478,Mar,69.3,3
S0478,Apr,73.1,2
S0478,May,69.0,3
S0478,Jun,57.2,4
S0479,Jan,69.0,3
S0479,Feb,79.0,2
S0479,Mar,74.3,2
S0479,Apr,77.7,2
S0479,May,64.9,3
S0479,Jun,92.6,0
S0480,Jan,57.4,4
S0480,Feb,82.3,1
S0480,Mar,92.7,0
S0480,Apr,82.2,1
S0480,May,72.0,2
S0480,Jun,67.1,3
S0481,Jan,90.5,0
S0481,Feb,53.7,4
S0481,Mar,60.4,3
S0481,Apr,69.0,3
S0481,May,93.6,0
S0481,Jun,80.7,1
S0482,Jan,60.5,3
S0482,Feb,70.3,2
S0482,Mar,65.8,3
S0482,Apr,64.4,3
S0482,May,89.7,1
S0482,Jun,54.4,4
S0483,Jan,99.1,0
S0483,Feb,87.4,1
S0483,Mar,91.4,0
S0483,Apr,68.1,3
S0483,May,72.8,2
S0483,Jun,53.5,4
S0484,Jan,67.1,3
S0484,Feb,82.4,1
S0484,Mar,94.4,0
S0484,Apr,58.4,4
S0484,May,69.5,3
S0484,Jun,72.7,2
S0485,Jan,54.1,4
S0485,Feb,83.9,1
S0485,Mar,64.1,3
S0485,Apr,72.1,2
S0485,May,68.2,3
S0485,Jun,63.2,3
S0486,Jan,74.9,2
S0486,Feb,71.8,2
S0486,Mar,69.4,3
S0486,Apr,64.1,3
S0486,May,79.8,2
S0486,Jun,99.8,0
S0487,Jan,77.1,2
S0487,Feb,89.9,1
S0487,Mar,54.1,4
S0487,Apr,77.4,2
S0487,May,58.5,4
S0487,Jun,52.8,4
S0488,Jan,63.9,3
S0488,Feb,92.9,0
S0488,Mar,89.3,1
S0488,Apr,78.6,2
S0488,May,52.0,4
S0488,Jun,72.1,2
S0489,Jan,79.5,2
S0489,Feb,77.6,2
S0489,Mar,47.3,5
S0489,Apr,61.6,3
S0489,May,74.0,2
S0489,Jun,83.0,1
S0490,Jan,42.1,5
S0490,Feb,72.6,2
S0490,Mar,77.1,2
S0490,Apr,87.7,1
S0490,May,85.4,1
S0490,Jun,83.7,1
S0491,Jan,63.0,3
S0491,Feb,46.4,5
S0491,Mar,69.1,3
S0491,Apr,90.0,0
S0491,May,95.9,0
S0491,Jun,85.7,1
S0492,Jan,81.4,1
S0492,Feb,80.7,1
S0492,Mar,66.7,3
S0492,Apr,73.0,2
S0492,May,100.0,0
S0492,Jun,60.9,3
S0493,Jan,99.2,0
S0493,Feb,70.2,2
S0493,Mar,94.9,0
S0493,Apr,53.9,4
S0493,May,83.8,1
S0493,Jun,63.9,3
S0494,Jan,53.8,4
S0494,Feb,78.3,2
S0494,Mar,90.1,0
S0494,Apr,62.3,3
S0494,May,52.5,4
S0494,Jun,73.6,2
S0495,Jan,73.7,2
S0495,Feb,83.2,1
S0495,Mar,89.2,1
S0495,Apr,74.1,2
S0495,May,100.0,0
S0495,Jun,78.4,2
S0496,Jan,69.8,3
S0496,Feb,50.8,4
S0496,Mar,71.1,2
S0496,Apr,70.0,3
S0496,May,89.4,1
S0496,Jun,81.9,1
S0497,Jan,57.3,4
S0497,Feb,77.6,2
S0497,Mar,85.1,1
S0497,Apr,97.9,0
S0497,May,88.3,1
S0497,Jun,86.4,1
S0498,Jan,75.9,2
S0498,Feb,80.8,1
S0498,Mar,93.7,0
S0498,Apr,55.0,4
S0498,May,69.8,3
S0498,Jun,63.4,3
S0499,Jan,80.7,1
S0499,Feb,93.5,0
S0499,Mar,66.0,3
S0499,Apr,40.0,6
S0499,May,68.8,3
S0499,Jun,88.7,1
S0500,Jan,83.1,1
S0500,Feb,81.4,1
S0500,Mar,70.8,2
S0500,Apr,55.8,4
S0500,May,82.7,1
S0500,Jun,62.5,3
