student_id,subject,quiz_avg,assignment_avg,exam_score,final_grade
S0001,Math,88.0,102.7,97.8,92.9
S0001,Science,66.2,77.3,73.6,69.9
S0001,English,50.7,59.1,56.3,53.5
S0001,CS,50.2,58.6,55.8,53.0
S0002,Math,57.2,66.8,63.6,60.4
S0002,Science,55.3,64.5,61.4,58.3
S0002,English,73.6,85.9,81.8,77.7
S0002,CS,61.0,71.2,67.8,64.4
S0003,Math,48.6,56.7,54.0,51.3
S0003,Science,84.1,98.1,93.4,88.7
S0003,English,59.1,69.0,65.7,62.4
S0003,CS,68.9,80.3,76.5,72.7
S0004,Math,50.3,58.7,55.9,53.1
S0004,Science,63.4,73.9,70.4,66.9
S0004,English,62.7,73.2,69.7,66.2
S0004,CS,33.0,38.5,36.7,34.9
S0005,Math,85.7,100.0,95.2,90.4
S0005,Science,76.0,88.6,84.4,80.2
S0005,English,53.1,62.0,59.0,56.0
S0005,CS,43.6,50.9,48.5,46.1
S0006,Math,63.2,73.7,70.2,66.7
S0006,Science,59.7,69.6,66.3,63.0
S0006,English,63.3,73.8,70.3,66.8
S0006,CS,61.1,71.3,67.9,64.5
S0007,Math,65.3,76.2,72.6,69.0
S0007,Science,78.0,91.0,86.7,82.4
S0007,English,66.2,77.2,73.5,69.8
S0007,CS,44.4,51.8,49.3,46.8
S0008,Math,76.9,89.7,85.4,81.1
S0008,Science,80.6,94.1,89.6,85.1
S0008,English,90.0,105.0,100.0,95.0
S0008,CS,43.3,50.5,48.1,45.7
S0009,Math,61.7,72.0,68.6,65.2
S0009,Science,30.4,35.5,33.8,32.1
S0009,English,66.0,77.0,73.3,69.6
S0009,CS,51.1,59.6,56.8,54.0
S0010,Math,84.5,98.6,93.9,89.2
S0010,Science,48.1,56.1,53.4,50.7
S0010,English,35.7,41.7,39.7,37.7
S0010,CS,52.1,60.8,57.9,55.0
S0011,Math,31.9,37.2,35.4,33.6
S0011,Science,68.7,80.1,76.3,72.5
S0011,English,30.6,35.7,34.0,32.3
S0011,CS,58.9,68.7,65.4,62.1
S0012,Math,30.4,35.5,33.8,32.1
S0012,Science,54.2,63.2,60.2,57.2
S0012,English,80.7,94.2,89.7,85.2
S0012,CS,63.4,73.9,70.4,66.9
S0013,Math,46.8,54.6,52.0,49.4
S0013,Science,58.0,67.7,64.5,61.3
S0013,English,58.8,68.6,65.3,62.0
S0013,CS,64.9,75.7,72.1,68.5
S0014,Math,40.1,46.7,44.5,42.3
S0014,Science,66.5,77.6,73.9,70.2
S0014,English,22.0,25.6,24.4,23.2
S0014,CS,50.0,58.4,55.6,52.8
S0015,Math,51.9,60.6,57.7,54.8
S0015,Science,67.0,78.2,74.5,70.8
S0015,English,58.8,68.6,65.3,62.0
S0015,CS,39.5,46.1,43.9,41.7
S0016,Math,45.2,52.7,50.2,47.7
S0016,Science,61.2,71.4,68.0,64.6
S0016,English,57.4,67.0,63.8,60.6
S0016,CS,50.7,59.1,56.3,53.5
S0017,Math,52.0,60.7,57.8,54.9
S0017,Science,67.9,79.2,75.4,71.6
S0017,English,51.5,60.1,57.2,54.3
S0017,CS,57.3,66.9,63.7,60.5
S0018,Math,87.8,102.4,97.5,92.6
S0018,Science,39.2,45.8,43.6,41.4
S0018,English,33.5,39.1,37.2,35.3
S0018,CS,69.1,80.6,76.8,73.0
S0019,Math,49.3,57.5,54.8,52.1
S0019,Science,54.2,63.2,60.2,57.2
S0019,English,48.0,56.0,53.3,50.6
S0019,CS,55.0,64.2,61.1,58.0
S0020,Math,80.1,93.4,89.0,84.6
S0020,Science,69.3,80.9,77.0,73.1
S0020,English,70.1,81.8,77.9,74.0
S0020,CS,39.4,46.0,43.8,41.6
S0021,Math,42.9,50.1,47.7,45.3
S0021,Science,20.2,23.5,22.4,21.3
S0021,English,47.6,55.5,52.9,50.3
S0021,CS,71.5,83.4,79.4,75.4
S0022,Math,65.5,76.4,72.8,69.2
S0022,Science,55.5,64.8,61.7,58.6
S0022,English,58.2,67.9,64.7,61.5
S0022,CS,49.2,57.4,54.7,52.0
S0023,Math,61.3,71.5,68.1,64.7
S0023,Science,68.9,80.3,76.5,72.7
S0023,English,36.7,42.8,40.8,38.8
S0023,CS,62.6,73.0,69.5,66.0
S0024,Math,71.1,83.0,79.0,75.0
S0024,Science,52.9,61.7,58.8,55.9
S0024,English,68.0,79.3,75.5,71.7
S0024,CS,90.0,105.0,100.0,95.0
S0025,Math,57.1,66.6,63.4,60.2
S0025,Science,63.8,74.4,70.9,67.4
S0025,English,48.5,56.6,53.9,51.2
S0025,CS,60.9,71.1,67.7,64.3
S0026,Math,64.7,75.5,71.9,68.3
S0026,Science,61.1,71.3,67.9,64.5
S0026,English,44.7,52.2,49.7,47.2
S0026,CS,61.3,71.5,68.1,64.7
S0027,Math,78.2,91.2,86.9,82.6
S0027,Science,64.5,75.3,71.7,68.1
S0027,English,71.5,83.4,79.4,75.4
S0027,CS,55.3,64.5,61.4,58.3
S0028,Math,68.6,80.0,76.2,72.4
S0028,Science,62.3,72.7,69.2,65.7
S0028,English,45.6,53.2,50.7,48.2
S0028,CS,62.8,73.3,69.8,66.3
S0029,Math,45.1,52.6,50.1,47.6
S0029,Science,50.0,58.3,55.5,52.7
S0029,English,61.0,71.2,67.8,64.4
S0029,CS,62.6,73.0,69.5,66.0
S0030,Math,42.5,49.6,47.2,44.8
S0030,Science,72.7,84.8,80.8,76.8
S0030,English,66.2,77.3,73.6,69.9
S0030,CS,49.0,57.1,54.4,51.7
S0031,Math,37.7,44.0,41.9,39.8
S0031,Science,56.5,65.9,62.8,59.7
S0031,English,52.5,61.2,58.3,55.4
S0031,CS,60.0,70.0,66.7,63.4
S0032,Math,53.6,62.6,59.6,56.6
S0032,Science,31.4,36.6,34.9,33.2
S0032,English,53.3,62.2,59.2,56.2
S0032,CS,54.4,63.4,60.4,57.4
S0033,Math,67.0,78.2,74.5,70.8
S0033,Science,49.1,57.2,54.5,51.8
S0033,English,81.2,94.7,90.2,85.7
S0033,CS,32.7,38.1,36.3,34.5
S0034,Math,76.2,88.9,84.7,80.5
S0034,Science,55.4,64.7,61.6,58.5
S0034,English,70.1,81.8,77.9,74.0
S0034,CS,59.6,69.5,66.2,62.9
S0035,Math,73.9,86.2,82.1,78.0
S0035,Science,53.3,62.2,59.2,56.2
S0035,English,43.6,50.9,48.5,46.1
S0035,CS,77.7,90.6,86.3,82.0
S0036,Math,57.0,66.5,63.3,60.1
S0036,Science,61.5,71.7,68.3,64.9
S0036,English,75.2,87.7,83.5,79.3
S0036,CS,44.6,52.0,49.5,47.0
S0037,Math,66.5,77.6,73.9,70.2
S0037,Science,50.6,59.0,56.2,53.4
S0037,English,56.7,66.2,63.0,59.8
S0037,CS,59.5,69.4,66.1,62.8
S0038,Math,38.2,44.6,42.5,40.4
S0038,Science,48.0,56.0,53.3,50.6
S0038,English,76.8,89.6,85.3,81.0
S0038,CS,70.5,82.2,78.3,74.4
S0039,Math,57.7,67.3,64.1,60.9
S0039,Science,61.7,72.0,68.6,65.2
S0039,English,54.5,63.6,60.6,57.6
S0039,CS,76.8,89.6,85.3,81.0
S0040,Math,55.8,65.1,62.0,58.9
S0040,Science,61.6,71.9,68.5,65.1
S0040,English,74.0,86.3,82.2,78.1
S0040,CS,48.0,56.0,53.3,50.6
S0041,Math,79.6,92.8,88.4,84.0
S0041,Science,37.8,44.1,42.0,39.9
S0041,English,80.5,93.9,89.4,84.9
S0041,CS,53.5,62.4,59.4,56.4
S0042,Math,55.3,64.5,61.4,58.3
S0042,Science,32.9,38.4,36.6,34.8
S0042,English,52.4,61.1,58.2,55.3
S0042,CS,44.5,51.9,49.4,46.9
S0043,Math,50.3,58.7,55.9,53.1
S0043,Science,56.6,66.0,62.9,59.8
S0043,English,71.5,83.4,79.4,75.4
S0043,CS,61.3,71.5,68.1,64.7
S0044,Math,62.6,73.1,69.6,66.1
S0044,Science,43.7,51.0,48.6,46.2
S0044,English,46.6,54.4,51.8,49.2
S0044,CS,82.8,96.6,92.0,87.4
S0045,Math,48.6,56.7,54.0,51.3
S0045,Science,80.8,94.3,89.8,85.3
S0045,English,55.3,64.5,61.4,58.3
S0045,CS,58.5,68.2,65.0,61.8
S0046,Math,73.0,85.2,81.1,77.0
S0046,Science,75.7,88.3,84.1,79.9
S0046,English,57.0,66.5,63.3,60.1
S0046,CS,53.3,62.2,59.2,56.2
S0047,Math,57.8,67.4,64.2,61.0
S0047,Science,63.1,73.6,70.1,66.6
S0047,English,70.6,82.3,78.4,74.5
S0047,CS,58.6,68.4,65.1,61.8
S0048,Math,66.9,78.0,74.3,70.6
S0048,Science,80.6,94.1,89.6,85.1
S0048,English,63.6,74.2,70.7,67.2
S0048,CS,62.7,73.2,69.7,66.2
S0049,Math,38.0,44.3,42.2,40.1
S0049,Science,23.0,26.8,25.5,24.2
S0049,English,63.7,74.3,70.8,67.3
S0049,CS,57.2,66.8,63.6,60.4
S0050,Math,51.6,60.2,57.3,54.4
S0050,Science,61.8,72.1,68.7,65.3
S0050,English,57.7,67.3,64.1,60.9
S0050,CS,73.7,86.0,81.9,77.8
S0051,Math,59.7,69.6,66.3,63.0
S0051,Science,48.4,56.5,53.8,51.1
S0051,English,71.9,83.9,79.9,75.9
S0051,CS,55.5,64.8,61.7,58.6
S0052,Math,65.6,76.5,72.9,69.3
S0052,Science,52.0,60.7,57.8,54.9
S0052,English,49.8,58.1,55.3,52.5
S0052,CS,59.7,69.6,66.3,63.0
S0053,Math,58.7,68.5,65.2,61.9
S0053,Science,65.0,75.8,72.2,68.6
S0053,English,54.9,64.0,61.0,58.0
S0053,CS,33.8,39.4,37.5,35.6
S0054,Math,52.6,61.4,58.5,55.6
S0054,Science,69.2,80.7,76.9,73.1
S0054,English,54.4,63.5,60.5,57.5
S0054,CS,55.2,64.4,61.3,58.2
S0055,Math,71.8,83.8,79.8,75.8
S0055,Science,48.9,57.0,54.3,51.6
S0055,English,37.7,44.0,41.9,39.8
S0055,CS,56.3,65.7,62.6,59.5
S0056,Math,51.9,60.6,57.7,54.8
S0056,Science,45.4,53.0,50.5,48.0
S0056,English,56.2,65.5,62.4,59.3
S0056,CS,65.2,76.0,72.4,68.8
S0057,Math,58.4,68.1,64.9,61.7
S0057,Science,62.6,73.1,69.6,66.1
S0057,English,83.0,96.8,92.2,87.6
S0057,CS,53.9,62.9,59.9,56.9
S0058,Math,62.3,72.7,69.2,65.7
S0058,Science,51.7,60.3,57.4,54.5
S0058,English,47.1,54.9,52.3,49.7
S0058,CS,50.6,59.0,56.2,53.4
S0059,Math,52.0,60.7,57.8,54.9
S0059,Science,63.4,73.9,70.4,66.9
S0059,English,90.0,105.0,100.0,95.0
S0059,CS,48.9,57.0,54.3,51.6
S0060,Math,52.9,61.7,58.8,55.9
S0060,Science,57.7,67.3,64.1,60.9
S0060,English,63.8,74.4,70.9,67.4
S0060,CS,62.1,72.4,69.0,65.6
S0061,Math,75.9,88.5,84.3,80.1
S0061,Science,25.7,30.0,28.6,27.2
S0061,English,26.3,30.7,29.2,27.7
S0061,CS,51.8,60.5,57.6,54.7
S0062,Math,73.4,85.6,81.5,77.4
S0062,Science,37.4,43.6,41.5,39.4
S0062,English,17.9,20.9,19.9,18.9
S0062,CS,66.2,77.3,73.6,69.9
S0063,Math,61.8,72.1,68.7,65.3
S0063,Science,43.7,51.0,48.6,46.2
S0063,English,45.2,52.7,50.2,47.7
S0063,CS,45.4,53.0,50.5,48.0
S0064,Math,60.0,70.0,66.7,63.4
S0064,Science,50.0,58.4,55.6,52.8
S0064,English,65.2,76.0,72.4,68.8
S0064,CS,20.0,23.3,22.2,21.1
S0065,Math,46.9,54.7,52.1,49.5
S0065,Science,43.3,50.5,48.1,45.7
S0065,English,55.1,64.3,61.2,58.1
S0065,CS,51.2,59.7,56.9,54.1
S0066,Math,69.3,80.9,77.0,73.1
S0066,Science,33.4,39.0,37.1,35.2
S0066,English,59.1,69.0,65.7,62.4
S0066,CS,66.1,77.1,73.4,69.7
S0067,Math,83.5,97.4,92.8,88.2
S0067,Science,52.0,60.7,57.8,54.9
S0067,English,62.9,73.4,69.9,66.4
S0067,CS,34.1,39.8,37.9,36.0
S0068,Math,26.2,30.6,29.1,27.6
S0068,Science,69.9,81.6,77.7,73.8
S0068,English,58.4,68.1,64.9,61.7
S0068,CS,74.4,86.8,82.7,78.6
S0069,Math,40.0,46.6,44.4,42.2
S0069,Science,65.5,76.4,72.8,69.2
S0069,English,83.7,97.6,93.0,88.4
S0069,CS,64.2,74.9,71.3,67.7
S0070,Math,62.2,72.6,69.1,65.6
S0070,Science,58.6,68.4,65.1,61.8
S0070,English,37.3,43.5,41.4,39.3
S0070,CS,76.8,89.6,85.3,81.0
S0071,Math,50.2,58.6,55.8,53.0
S0071,Science,65.3,76.2,72.6,69.0
S0071,English,37.4,43.7,41.6,39.5
S0071,CS,42.6,49.7,47.3,44.9
S0072,Math,77.9,90.8,86.5,82.2
S0072,Science,53.8,62.8,59.8,56.8
S0072,English,78.1,91.1,86.8,82.5
S0072,CS,57.4,67.0,63.8,60.6
S0073,Math,33.7,39.3,37.4,35.5
S0073,Science,70.6,82.3,78.4,74.5
S0073,English,50.6,59.0,56.2,53.4
S0073,CS,68.0,79.3,75.5,71.7
S0074,Math,58.9,68.7,65.4,62.1
S0074,Science,37.7,44.0,41.9,39.8
S0074,English,60.8,70.9,67.5,64.1
S0074,CS,88.1,102.8,97.9,93.0
S0075,Math,65.2,76.0,72.4,68.8
S0075,Science,57.7,67.3,64.1,60.9
S0075,English,73.0,85.2,81.1,77.0
S0075,CS,61.4,71.6,68.2,64.8
S0076,Math,61.3,71.5,68.1,64.7
S0076,Science,43.7,51.0,48.6,46.2
S0076,English,61.6,71.9,68.5,65.1
S0076,CS,72.4,84.5,80.5,76.5
S0077,Math,47.2,55.1,52.5,49.9
S0077,Science,77.8,90.7,86.4,82.1
S0077,English,57.2,66.8,63.6,60.4
S0077,CS,46.5,54.3,51.7,49.1
S0078,Math,72.0,84.0,80.0,76.0
S0078,Science,54.6,63.7,60.7,57.7
S0078,English,68.8,80.2,76.4,72.6
S0078,CS,54.5,63.6,60.6,57.6
S0079,Math,57.7,67.3,64.1,60.9
S0079,Science,65.2,76.0,72.4,68.8
S0079,English,62.5,72.9,69.4,65.9
S0079,CS,31.6,36.9,35.1,33.3
S0080,Math,43.4,50.6,48.2,45.8
S0080,Science,71.0,82.8,78.9,75.0
S0080,English,56.7,66.2,63.0,59.8
S0080,CS,51.4,60.0,57.1,54.2
S0081,Math,40.1,46.8,44.6,42.4
S0081,Science,43.9,51.2,48.8,46.4
S0081,English,31.2,36.4,34.7,33.0
S0081,CS,57.2,66.7,63.5,60.3
S0082,Math,50.4,58.8,56.0,53.2
S0082,Science,45.4,53.0,50.5,48.0
S0082,English,57.6,67.2,64.0,60.8
S0082,CS,63.4,74.0,70.5,67.0
S0083,Math,86.8,101.2,96.4,91.6
S0083,Science,38.1,44.4,42.3,40.2
S0083,English,74.2,86.5,82.4,78.3
S0083,CS,71.6,83.6,79.6,75.6
S0084,Math,48.0,56.0,53.3,50.6
S0084,Science,61.2,71.4,68.0,64.6
S0084,English,52.3,61.0,58.1,55.2
S0084,CS,61.0,71.2,67.8,64.4
S0085,Math,78.8,92.0,87.6,83.2
S0085,Science,66.7,77.8,74.1,70.4
S0085,English,65.3,76.2,72.6,69.0
S0085,CS,52.6,61.4,58.5,55.6
S0086,Math,38.4,44.8,42.7,40.6
S0086,Science,55.7,65.0,61.9,58.8
S0086,English,74.8,87.3,83.1,78.9
S0086,CS,37.9,44.2,42.1,40.0
S0087,Math,44.3,51.7,49.2,46.7
S0087,Science,60.2,70.2,66.9,63.6
S0087,English,45.2,52.7,50.2,47.7
S0087,CS,47.8,55.8,53.1,50.4
S0088,Math,52.7,61.5,58.6,55.7
S0088,Science,40.1,46.7,44.5,42.3
S0088,English,45.4,52.9,50.4,47.9
S0088,CS,68.0,79.4,75.6,71.8
S0089,Math,40.9,47.7,45.4,43.1
S0089,Science,36.9,43.1,41.0,38.9
S0089,English,50.0,58.3,55.5,52.7
S0089,CS,68.4,79.8,76.0,72.2
S0090,Math,55.8,65.1,62.0,58.9
S0090,Science,52.2,60.9,58.0,55.1
S0090,English,59.1,69.0,65.7,62.4
S0090,CS,34.9,40.7,38.8,36.9
S0091,Math,65.2,76.0,72.4,68.8
S0091,Science,63.7,74.3,70.8,67.3
S0091,English,53.0,61.8,58.9,56.0
S0091,CS,72.1,84.1,80.1,76.1
S0092,Math,43.3,50.5,48.1,45.7
S0092,Science,73.7,86.0,81.9,77.8
S0092,English,60.6,70.7,67.3,63.9
S0092,CS,54.0,63.0,60.0,57.0
S0093,Math,58.2,67.9,64.7,61.5
S0093,Science,57.1,66.6,63.4,60.2
S0093,English,75.0,87.5,83.3,79.1
S0093,CS,43.9,51.2,48.8,46.4
S0094,Math,48.2,56.3,53.6,50.9
S0094,Science,72.4,84.5,80.5,76.5
S0094,English,50.5,58.9,56.1,53.3
S0094,CS,70.6,82.4,78.5,74.6
S0095,Math,81.4,95.0,90.5,86.0
S0095,Science,53.1,62.0,59.0,56.0
S0095,English,67.7,79.0,75.2,71.4
S0095,CS,42.9,50.1,47.7,45.3
S0096,Math,68.7,80.1,76.3,72.5
S0096,Science,61.2,71.4,68.0,64.6
S0096,English,64.9,75.7,72.1,68.5
S0096,CS,49.8,58.1,55.3,52.5
S0097,Math,36.1,42.1,40.1,38.1
S0097,Science,65.2,76.1,72.5,68.9
S0097,English,30.6,35.7,34.0,32.3
S0097,CS,54.2,63.2,60.2,57.2
S0098,Math,71.2,83.1,79.1,75.1
S0098,Science,61.1,71.3,67.9,64.5
S0098,English,84.8,98.9,94.2,89.5
S0098,CS,72.4,84.4,80.4,76.4
S0099,Math,49.7,58.0,55.2,52.4
S0099,Science,58.9,68.7,65.4,62.1
S0099,English,57.9,67.5,64.3,61.1
S0099,CS,37.2,43.4,41.3,39.2
S0100,Math,45.8,53.4,50.9,48.4
S0100,Science,50.9,59.4,56.6,53.8
S0100,English,31.0,36.2,34.5,32.8
S0100,CS,59.1,69.0,65.7,62.4
S0101,Math,55.2,64.4,61.3,58.2
S0101,Science,35.9,41.9,39.9,37.9
S0101,English,64.0,74.7,71.1,67.5
S0101,CS,68.1,79.5,75.7,71.9
S0102,Math,61.6,71.8,68.4,65.0
S0102,Science,54.1,63.1,60.1,57.1
S0102,English,66.5,77.6,73.9,70.2
S0102,CS,67.7,79.0,75.2,71.4
S0103,Math,62.6,73.1,69.6,66.1
S0103,Science,47.3,55.2,52.6,50.0
S0103,English,62.2,72.6,69.1,65.6
S0103,CS,74.6,87.0,82.9,78.8
S0104,Math,50.5,58.9,56.1,53.3
S0104,Science,86.9,101.3,96.5,91.7
S0104,English,51.4,60.0,57.1,54.2
S0104,CS,59.0,68.8,65.5,62.2
S0105,Math,49.4,57.6,54.9,52.2
S0105,Science,61.5,71.7,68.3,64.9
S0105,English,35.0,40.8,38.9,37.0
S0105,CS,51.1,59.6,56.8,54.0
S0106,Math,43.7,51.0,48.6,46.2
S0106,Science,60.3,70.4,67.0,63.6
S0106,English,71.9,83.9,79.9,75.9
S0106,CS,67.2,78.4,74.7,71.0
S0107,Math,26.5,30.9,29.4,27.9
S0107,Science,86.0,100.4,95.6,90.8
S0107,English,62.5,72.9,69.4,65.9
S0107,CS,48.1,56.1,53.4,50.7
S0108,Math,60.7,70.8,67.4,64.0
S0108,Science,60.8,71.0,67.6,64.2
S0108,English,49.5,57.8,55.0,52.2
S0108,CS,61.2,71.4,68.0,64.6
S0109,Math,50.3,58.7,55.9,53.1
S0109,Science,53.0,61.8,58.9,56.0
S0109,English,49.2,57.4,54.7,52.0
S0109,CS,39.2,45.7,43.5,41.3
S0110,Math,60.5,70.6,67.2,63.8
S0110,Science,66.4,77.5,73.8,70.1
S0110,English,65.4,76.3,72.7,69.1
S0110,CS,69.6,81.2,77.3,73.4
S0111,Math,62.9,73.4,69.9,66.4
S0111,Science,51.3,59.8,57.0,54.2
S0111,English,69.8,81.5,77.6,73.7
S0111,CS,40.1,46.8,44.6,42.4
S0112,Math,46.4,54.1,51.5,48.9
S0112,Science,45.4,53.0,50.5,48.0
S0112,English,73.1,85.3,81.2,77.1
S0112,CS,71.2,83.1,79.1,75.1
S0113,Math,65.1,75.9,72.3,68.7
S0113,Science,73.0,85.2,81.1,77.0
S0113,English,46.6,54.4,51.8,49.2
S0113,CS,63.2,73.7,70.2,66.7
S0114,Math,56.8,66.3,63.1,59.9
S0114,Science,69.9,81.6,77.7,73.8
S0114,English,57.0,66.5,63.3,60.1
S0114,CS,53.3,62.2,59.2,56.2
S0115,Math,65.8,76.8,73.1,69.4
S0115,Science,70.3,82.0,78.1,74.2
S0115,English,49.5,57.8,55.0,52.2
S0115,CS,57.7,67.3,64.1,60.9
S0116,Math,44.2,51.6,49.1,46.6
S0116,Science,24.8,28.9,27.5,26.1
S0116,English,61.2,71.4,68.0,64.6
S0116,CS,66.7,77.8,74.1,70.4
S0117,Math,62.0,72.3,68.9,65.5
S0117,Science,32.2,37.6,35.8,34.0
S0117,English,53.7,62.7,59.7,56.7
S0117,CS,28.5,33.3,31.7,30.1
S0118,Math,77.0,89.8,85.5,81.2
S0118,Science,43.8,51.1,48.7,46.3
S0118,English,75.4,88.0,83.8,79.6
S0118,CS,71.3,83.2,79.2,75.2
S0119,Math,46.4,54.1,51.5,48.9
S0119,Science,43.2,50.4,48.0,45.6
S0119,English,63.3,73.8,70.3,66.8
S0119,CS,47.1,54.9,52.3,49.7
S0120,Math,59.8,69.8,66.5,63.2
S0120,Science,52.0,60.7,57.8,54.9
S0120,English,34.5,40.2,38.3,36.4
S0120,CS,28.4,33.1,31.5,29.9
S0121,Math,61.6,71.8,68.4,65.0
S0121,Science,50.9,59.4,56.6,53.8
S0121,English,51.0,59.5,56.7,53.9
S0121,CS,67.9,79.2,75.4,71.6
S0122,Math,74.3,86.7,82.6,78.5
S0122,Science,54.8,63.9,60.9,57.9
S0122,English,53.9,62.9,59.9,56.9
S0122,CS,65.2,76.1,72.5,68.9
S0123,Math,40.1,46.8,44.6,42.4
S0123,Science,61.5,71.7,68.3,64.9
S0123,English,66.0,77.0,73.3,69.6
S0123,CS,67.7,79.0,75.2,71.4
S0124,Math,32.3,37.7,35.9,34.1
S0124,Science,48.2,56.3,53.6,50.9
S0124,English,46.6,54.4,51.8,49.2
S0124,CS,59.8,69.8,66.5,63.2
S0125,Math,65.0,75.8,72.2,68.6
S0125,Science,78.8,91.9,87.5,83.1
S0125,English,51.8,60.5,57.6,54.7
S0125,CS,51.8,60.4,57.5,54.6
S0126,Math,74.0,86.3,82.2,78.1
S0126,Science,62.5,72.9,69.4,65.9
S0126,English,75.6,88.2,84.0,79.8
S0126,CS,62.4,72.8,69.3,65.8
S0127,Math,42.8,50.0,47.6,45.2
S0127,Science,40.5,47.2,45.0,42.8
S0127,English,37.5,43.8,41.7,39.6
S0127,CS,67.4,78.6,74.9,71.2
S0128,Math,74.5,86.9,82.8,78.7
S0128,Science,83.4,97.3,92.7,88.1
S0128,English,69.8,81.5,77.6,73.7
S0128,CS,74.2,86.5,82.4,78.3
S0129,Math,50.7,59.1,56.3,53.5
S0129,Science,42.9,50.1,47.7,45.3
S0129,English,70.0,81.7,77.8,73.9
S0129,CS,64.2,74.9,71.3,67.7
S0130,Math,59.9,69.9,66.6,63.3
S0130,Science,63.7,74.3,70.8,67.3
S0130,English,62.8,73.3,69.8,66.3
S0130,CS,75.9,88.5,84.3,80.1
S0131,Math,76.0,88.6,84.4,80.2
S0131,Science,65.9,76.9,73.2,69.5
S0131,English,69.9,81.6,77.7,73.8
S0131,CS,65.4,76.3,72.7,69.1
S0132,Math,52.3,61.0,58.1,55.2
S0132,Science,68.7,80.1,76.3,72.5
S0132,English,39.7,46.3,44.1,41.9
S0132,CS,72.7,84.8,80.8,76.8
S0133,Math,42.4,49.5,47.1,44.7
S0133,Science,62.4,72.8,69.3,65.8
S0133,English,47.1,54.9,52.3,49.7
S0133,CS,66.0,77.0,73.3,69.6
S0134,Math,58.0,67.7,64.5,61.3
S0134,Science,37.0,43.2,41.1,39.0
S0134,English,64.2,74.9,71.3,67.7
S0134,CS,50.7,59.1,56.3,53.5
S0135,Math,70.4,82.1,78.2,74.3
S0135,Science,58.5,68.2,65.0,61.8
S0135,English,63.8,74.4,70.9,67.4
S0135,CS,45.5,53.1,50.6,48.1
S0136,Math,50.6,59.0,56.2,53.4
S0136,Science,52.3,61.0,58.1,55.2
S0136,English,70.1,81.8,77.9,74.0
S0136,CS,81.2,94.7,90.2,85.7
S0137,Math,47.6,55.5,52.9,50.3
S0137,Science,73.1,85.3,81.2,77.1
S0137,English,29.2,34.1,32.5,30.9
S0137,CS,42.4,49.5,47.1,44.7
S0138,Math,45.5,53.1,50.6,48.1
S0138,Science,40.2,46.9,44.7,42.5
S0138,English,37.1,43.3,41.2,39.1
S0138,CS,64.1,74.8,71.2,67.6
S0139,Math,55.6,64.9,61.8,58.7
S0139,Science,63.6,74.2,70.7,67.2
S0139,English,67.9,79.2,75.4,71.6
S0139,CS,62.1,72.4,69.0,65.6
S0140,Math,67.4,78.6,74.9,71.2
S0140,Science,57.6,67.2,64.0,60.8
S0140,English,42.5,49.6,47.2,44.8
S0140,CS,72.8,84.9,80.9,76.9
S0141,Math,50.6,59.0,56.2,53.4
S0141,Science,45.9,53.6,51.0,48.4
S0141,English,56.1,65.4,62.3,59.2
S0141,CS,46.2,53.9,51.3,48.7
S0142,Math,52.8,61.6,58.7,55.8
S0142,Science,63.2,73.7,70.2,66.7
S0142,English,63.2,73.7,70.2,66.7
S0142,CS,46.4,54.1,51.5,48.9
S0143,Math,51.9,60.6,57.7,54.8
S0143,Science,73.0,85.2,81.1,77.0
S0143,English,65.2,76.0,72.4,68.8
S0143,CS,86.5,100.9,96.1,91.3
S0144,Math,74.4,86.8,82.7,78.6
S0144,Science,74.0,86.3,82.2,78.1
S0144,English,39.8,46.4,44.2,42.0
S0144,CS,68.9,80.3,76.5,72.7
S0145,Math,57.8,67.4,64.2,61.0
S0145,Science,51.0,59.5,56.7,53.9
S0145,English,60.8,70.9,67.5,64.1
S0145,CS,71.3,83.2,79.2,75.2
S0146,Math,65.2,76.1,72.5,68.9
S0146,Science,46.6,54.4,51.8,49.2
S0146,English,68.5,79.9,76.1,72.3
S0146,CS,49.9,58.2,55.4,52.6
S0147,Math,61.5,71.7,68.3,64.9
S0147,Science,54.4,63.4,60.4,57.4
S0147,English,55.5,64.8,61.7,58.6
S0147,CS,68.9,80.3,76.5,72.7
S0148,Math,44.5,51.9,49.4,46.9
S0148,Science,84.8,98.9,94.2,89.5
S0148,English,33.9,39.6,37.7,35.8
S0148,CS,50.4,58.8,56.0,53.2
S0149,Math,63.5,74.1,70.6,67.1
S0149,Science,66.4,77.5,73.8,70.1
S0149,English,57.2,66.7,63.5,60.3
S0149,CS,57.7,67.3,64.1,60.9
S0150,Math,64.1,74.8,71.2,67.6
S0150,Science,55.4,64.6,61.5,58.4
S0150,English,77.3,90.2,85.9,81.6
S0150,CS,69.8,81.5,77.6,73.7
S0151,Math,70.3,82.0,78.1,74.2
S0151,Science,45.4,53.0,50.5,48.0
S0151,English,57.4,67.0,63.8,60.6
S0151,CS,54.4,63.5,60.5,57.5
S0152,Math,44.9,52.4,49.9,47.4
S0152,Science,63.4,73.9,70.4,66.9
S0152,English,51.2,59.7,56.9,54.1
S0152,CS,67.3,78.5,74.8,71.1
S0153,Math,44.0,51.3,48.9,46.5
S0153,Science,81.7,95.3,90.8,86.3
S0153,English,46.4,54.2,51.6,49.0
S0153,CS,61.5,71.7,68.3,64.9
S0154,Math,69.2,80.7,76.9,73.1
S0154,Science,50.8,59.2,56.4,53.6
S0154,English,70.0,81.7,77.8,73.9
S0154,CS,41.9,48.9,46.6,44.3
S0155,Math,78.1,91.1,86.8,82.5
S0155,Science,58.7,68.5,65.2,61.9
S0155,English,50.5,58.9,56.1,53.3
S0155,CS,54.4,63.5,60.5,57.5
S0156,Math,69.4,81.0,77.1,73.2
S0156,Science,50.6,59.0,56.2,53.4
S0156,English,48.4,56.5,53.8,51.1
S0156,CS,55.5,64.8,61.7,58.6
S0157,Math,42.6,49.7,47.3,44.9
S0157,Science,83.1,96.9,92.3,87.7
S0157,English,50.8,59.3,56.5,53.7
S0157,CS,69.8,81.4,77.5,73.6
S0158,Math,61.3,71.5,68.1,64.7
S0158,Science,45.2,52.7,50.2,47.7
S0158,English,58.4,68.1,64.9,61.7
S0158,CS,69.1,80.6,76.8,73.0
S0159,Math,56.0,65.3,62.2,59.1
S0159,Science,74.6,87.0,82.9,78.8
S0159,English,72.3,84.3,80.3,76.3
S0159,CS,70.9,82.7,78.8,74.9
S0160,Math,52.3,61.0,58.1,55.2
S0160,Science,43.9,51.2,48.8,46.4
S0160,English,50.2,58.6,55.8,53.0
S0160,CS,61.1,71.3,67.9,64.5
S0161,Math,65.9,76.9,73.2,69.5
S0161,Science,29.2,34.0,32.4,30.8
S0161,English,58.4,68.1,64.9,61.7
S0161,CS,60.7,70.8,67.4,64.0
S0162,Math,54.7,63.8,60.8,57.8
S0162,Science,76.0,88.6,84.4,80.2
S0162,English,64.2,74.9,71.3,67.7
S0162,CS,76.2,88.9,84.7,80.5
S0163,Math,55.6,64.9,61.8,58.7
S0163,Science,71.2,83.1,79.1,75.1
S0163,English,80.6,94.0,89.5,85.0
S0163,CS,76.2,88.9,84.7,80.5
S0164,Math,43.7,51.0,48.6,46.2
S0164,Science,55.1,64.3,61.2,58.1
S0164,English,53.8,62.8,59.8,56.8
S0164,CS,65.1,75.9,72.3,68.7
S0165,Math,67.8,79.1,75.3,71.5
S0165,Science,47.2,55.0,52.4,49.8
S0165,English,59.4,69.3,66.0,62.7
S0165,CS,31.2,36.4,34.7,33.0
S0166,Math,77.9,90.9,86.6,82.3
S0166,Science,51.6,60.2,57.3,54.4
S0166,English,59.2,69.1,65.8,62.5
S0166,CS,54.4,63.4,60.4,57.4
S0167,Math,74.0,86.3,82.2,78.1
S0167,Science,20.2,23.5,22.4,21.3
S0167,English,58.3,68.0,64.8,61.6
S0167,CS,57.1,66.6,63.4,60.2
S0168,Math,52.4,61.1,58.2,55.3
S0168,Science,81.8,95.4,90.9,86.4
S0168,English,46.5,54.3,51.7,49.1
S0168,CS,68.9,80.4,76.6,72.8
S0169,Math,63.3,73.8,70.3,66.8
S0169,Science,75.5,88.1,83.9,79.7
S0169,English,49.5,57.8,55.0,52.2
S0169,CS,48.6,56.7,54.0,51.3
S0170,Math,73.3,85.5,81.4,77.3
S0170,Science,64.3,75.0,71.4,67.8
S0170,English,37.6,43.9,41.8,39.7
S0170,CS,51.2,59.7,56.9,54.1
S0171,Math,63.7,74.3,70.8,67.3
S0171,Science,69.8,81.5,77.6,73.7
S0171,English,49.3,57.5,54.8,52.1
S0171,CS,19.2,22.4,21.3,20.2
S0172,Math,65.5,76.4,72.8,69.2
S0172,Science,42.0,49.0,46.7,44.4
S0172,English,31.2,36.4,34.7,33.0
S0172,CS,20.2,23.6,22.5,21.4
S0173,Math,69.5,81.1,77.2,73.3
S0173,Science,60.2,70.2,66.9,63.6
S0173,English,55.4,64.7,61.6,58.5
S0173,CS,77.2,90.1,85.8,81.5
S0174,Math,67.1,78.3,74.6,70.9
S0174,Science,80.3,93.7,89.2,84.7
S0174,English,39.7,46.3,44.1,41.9
S0174,CS,58.0,67.7,64.5,61.3
S0175,Math,36.6,42.7,40.7,38.7
S0175,Science,55.4,64.7,61.6,58.5
S0175,English,55.2,64.4,61.3,58.2
S0175,CS,67.0,78.1,74.4,70.7
S0176,Math,59.1,69.0,65.7,62.4
S0176,Science,67.0,78.1,74.4,70.7
S0176,English,68.0,79.4,75.6,71.8
S0176,CS,87.6,102.2,97.3,92.4
S0177,Math,54.3,63.3,60.3,57.3
S0177,Science,45.8,53.4,50.9,48.4
S0177,English,61.8,72.1,68.7,65.3
S0177,CS,47.7,55.6,53.0,50.3
S0178,Math,78.5,91.6,87.2,82.8
S0178,Science,54.7,63.8,60.8,57.8
S0178,English,50.8,59.3,56.5,53.7
S0178,CS,52.1,60.8,57.9,55.0
S0179,Math,68.2,79.6,75.8,72.0
S0179,Science,56.3,65.7,62.6,59.5
S0179,English,49.9,58.2,55.4,52.6
S0179,CS,81.0,94.5,90.0,85.5
S0180,Math,47.0,54.8,52.2,49.6
S0180,Science,59.0,68.8,65.5,62.2
S0180,English,67.3,78.5,74.8,71.1
S0180,CS,36.4,42.5,40.5,38.5
S0181,Math,65.0,75.8,72.2,68.6
S0181,Science,44.3,51.7,49.2,46.7
S0181,English,69.6,81.2,77.3,73.4
S0181,CS,45.5,53.1,50.6,48.1
S0182,Math,67.9,79.2,75.4,71.6
S0182,Science,73.4,85.7,81.6,77.5
S0182,English,70.1,81.8,77.9,74.0
S0182,CS,61.9,72.2,68.8,65.4
S0183,Math,55.4,64.6,61.5,58.4
S0183,Science,50.8,59.2,56.4,53.6
S0183,English,78.4,91.5,87.1,82.7
S0183,CS,49.1,57.2,54.5,51.8
S0184,Math,44.5,51.9,49.4,46.9
S0184,Science,67.5,78.8,75.0,71.2
S0184,English,47.8,55.8,53.1,50.4
S0184,CS,45.6,53.2,50.7,48.2
S0185,Math,39.0,45.5,43.3,41.1
S0185,Science,52.0,60.7,57.8,54.9
S0185,English,57.4,67.0,63.8,60.6
S0185,CS,61.7,72.0,68.6,65.2
S0186,Math,71.4,83.3,79.3,75.3
S0186,Science,65.6,76.5,72.9,69.3
S0186,English,55.9,65.2,62.1,59.0
S0186,CS,55.8,65.1,62.0,58.9
S0187,Math,65.4,76.3,72.7,69.1
S0187,Science,75.7,88.3,84.1,79.9
S0187,English,60.2,70.2,66.9,63.6
S0187,CS,52.2,60.9,58.0,55.1
S0188,Math,45.1,52.6,50.1,47.6
S0188,Science,39.0,45.5,43.3,41.1
S0188,English,67.5,78.8,75.0,71.2
S0188,CS,66.3,77.4,73.7,70.0
S0189,Math,66.3,77.4,73.7,70.0
S0189,Science,56.8,66.3,63.1,59.9
S0189,English,77.5,90.4,86.1,81.8
S0189,CS,51.9,60.6,57.7,54.8
S0190,Math,71.4,83.3,79.3,75.3
S0190,Science,58.0,67.6,64.4,61.2
S0190,English,50.3,58.7,55.9,53.1
S0190,CS,66.5,77.6,73.9,70.2
S0191,Math,64.0,74.7,71.1,67.5
S0191,Science,63.4,73.9,70.4,66.9
S0191,English,59.6,69.5,66.2,62.9
S0191,CS,58.0,67.6,64.4,61.2
S0192,Math,90.0,105.0,100.0,95.0
S0192,Science,74.5,86.9,82.8,78.7
S0192,English,68.2,79.6,75.8,72.0
S0192,CS,60.0,70.0,66.7,63.4
S0193,Math,72.1,84.1,80.1,76.1
S0193,Science,65.5,76.4,72.8,69.2
S0193,English,58.9,68.7,65.4,62.1
S0193,CS,54.4,63.4,60.4,57.4
S0194,Math,57.4,67.0,63.8,60.6
S0194,Science,15.7,18.3,17.4,16.5
S0194,English,61.4,71.6,68.2,64.8
S0194,CS,51.9,60.6,57.7,54.8
S0195,Math,80.0,93.3,88.9,84.5
S0195,Science,58.8,68.6,65.3,62.0
S0195,English,42.5,49.6,47.2,44.8
S0195,CS,57.9,67.5,64.3,61.1
S0196,Math,44.4,51.8,49.3,46.8
S0196,Science,64.9,75.7,72.1,68.5
S0196,English,62.5,72.9,69.4,65.9
S0196,CS,71.5,83.4,79.4,75.4
S0197,Math,47.8,55.8,53.1,50.4
S0197,Science,59.0,68.8,65.5,62.2
S0197,English,40.1,46.7,44.5,42.3
S0197,CS,68.0,79.3,75.5,71.7
S0198,Math,65.5,76.4,72.8,69.2
S0198,Science,65.2,76.0,72.4,68.8
S0198,English,58.5,68.2,65.0,61.8
S0198,CS,64.1,74.8,71.2,67.6
S0199,Math,80.2,93.6,89.1,84.6
S0199,Science,54.6,63.7,60.7,57.7
S0199,English,60.4,70.5,67.1,63.7
S0199,CS,43.8,51.1,48.7,46.3
S0200,Math,46.8,54.6,52.0,49.4
S0200,Science,59.8,69.8,66.5,63.2
S0200,English,73.4,85.7,81.6,77.5
S0200,CS,55.1,64.3,61.2,58.1
S0201,Math,55.4,64.6,61.5,58.4
S0201,Science,53.0,61.8,58.9,56.0
S0201,English,51.3,59.8,57.0,54.2
S0201,CS,62.5,72.9,69.4,65.9
S0202,Math,38.2,44.6,42.5,40.4
S0202,Science,75.8,88.4,84.2,80.0
S0202,English,49.5,57.8,55.0,52.2
S0202,CS,68.2,79.6,75.8,72.0
S0203,Math,41.4,48.3,46.0,43.7
S0203,Science,67.5,78.8,75.0,71.2
S0203,English,67.6,78.9,75.1,71.3
S0203,CS,63.7,74.3,70.8,67.3
S0204,Math,45.1,52.6,50.1,47.6
S0204,Science,61.8,72.1,68.7,65.3
S0204,English,42.6,49.7,47.3,44.9
S0204,CS,55.1,64.3,61.2,58.1
S0205,Math,72.4,84.4,80.4,76.4
S0205,Science,69.3,80.9,77.0,73.1
S0205,English,58.7,68.5,65.2,61.9
S0205,CS,45.4,52.9,50.4,47.9
S0206,Math,67.2,78.4,74.7,71.0
S0206,Science,58.8,68.6,65.3,62.0
S0206,English,27.2,31.7,30.2,28.7
S0206,CS,69.0,80.5,76.7,72.9
S0207,Math,58.1,67.8,64.6,61.4
S0207,Science,74.7,87.2,83.0,78.8
S0207,English,43.7,51.0,48.6,46.2
S0207,CS,15.6,18.2,17.3,16.4
S0208,Math,62.3,72.7,69.2,65.7
S0208,Science,62.5,72.9,69.4,65.9
S0208,English,35.6,41.6,39.6,37.6
S0208,CS,45.3,52.8,50.3,47.8
S0209,Math,90.0,105.0,100.0,95.0
S0209,Science,54.4,63.4,60.4,57.4
S0209,English,68.4,79.8,76.0,72.2
S0209,CS,49.7,58.0,55.2,52.4
S0210,Math,30.2,35.3,33.6,31.9
S0210,Science,56.2,65.5,62.4,59.3
S0210,English,54.9,64.0,61.0,58.0
S0210,CS,53.1,62.0,59.0,56.0
S0211,Math,57.0,66.5,63.3,60.1
S0211,Science,62.1,72.4,69.0,65.6
S0211,English,56.4,65.8,62.7,59.6
S0211,CS,41.4,48.3,46.0,43.7
S0212,Math,65.1,75.9,72.3,68.7
S0212,Science,32.2,37.6,35.8,34.0
S0212,English,30.8,35.9,34.2,32.5
S0212,CS,68.5,79.9,76.1,72.3
S0213,Math,65.3,76.2,72.6,69.0
S0213,Science,57.7,67.3,64.1,60.9
S0213,English,39.7,46.3,44.1,41.9
S0213,CS,49.0,57.1,54.4,51.7
S0214,Math,55.0,64.2,61.1,58.0
S0214,Science,37.0,43.2,41.1,39.0
S0214,English,48.5,56.6,53.9,51.2
S0214,CS,67.3,78.5,74.8,71.1
S0215,Math,77.8,90.7,86.4,82.1
S0215,Science,52.8,61.6,58.7,55.8
S0215,English,68.7,80.1,76.3,72.5
S0215,CS,32.7,38.1,36.3,34.5
S0216,Math,67.4,78.6,74.9,71.2
S0216,Science,47.6,55.5,52.9,50.3
S0216,English,62.6,73.1,69.6,66.1
S0216,CS,55.2,64.4,61.3,58.2
S0217,Math,76.3,89.0,84.8,80.6
S0217,Science,46.7,54.5,51.9,49.3
S0217,English,67.0,78.1,74.4,70.7
S0217,CS,54.7,63.8,60.8,57.8
S0218,Math,56.3,65.7,62.6,59.5
S0218,Science,56.0,65.3,62.2,59.1
S0218,English,47.1,54.9,52.3,49.7
S0218,CS,58.3,68.0,64.8,61.6
S0219,Math,57.7,67.3,64.1,60.9
S0219,Science,61.7,72.0,68.6,65.2
S0219,English,59.7,69.6,66.3,63.0
S0219,CS,69.3,80.9,77.0,73.1
S0220,Math,71.0,82.8,78.9,75.0
S0220,Science,44.3,51.7,49.2,46.7
S0220,English,70.2,81.9,78.0,74.1
S0220,CS,42.5,49.6,47.2,44.8
S0221,Math,66.4,77.5,73.8,70.1
S0221,Science,66.9,78.0,74.3,70.6
S0221,English,32.7,38.1,36.3,34.5
S0221,CS,59.8,69.7,66.4,63.1
S0222,Math,52.2,60.9,58.0,55.1
S0222,Science,48.2,56.3,53.6,50.9
S0222,English,76.8,89.6,85.3,81.0
S0222,CS,49.7,58.0,55.2,52.4
S0223,Math,47.6,55.5,52.9,50.3
S0223,Science,59.5,69.4,66.1,62.8
S0223,English,67.8,79.1,75.3,71.5
S0223,CS,56.6,66.0,62.9,59.8
S0224,Math,74.2,86.6,82.5,78.4
S0224,Science,65.7,76.6,73.0,69.4
S0224,English,29.1,33.9,32.3,30.7
S0224,CS,51.4,60.0,57.1,54.2
S0225,Math,50.9,59.4,56.6,53.8
S0225,Science,65.0,75.8,72.2,68.6
S0225,English,23.0,26.9,25.6,24.3
S0225,CS,90.0,105.0,100.0,95.0
S0226,Math,65.7,76.6,73.0,69.4
S0226,Science,60.5,70.6,67.2,63.8
S0226,English,74.4,86.8,82.7,78.6
S0226,CS,90.0,105.0,100.0,95.0
S0227,Math,70.3,82.0,78.1,74.2
S0227,Science,71.3,83.2,79.2,75.2
S0227,English,60.3,70.4,67.0,63.6
S0227,CS,56.6,66.0,62.9,59.8
S0228,Math,52.1,60.8,57.9,55.0
S0228,Science,47.3,55.2,52.6,50.0
S0228,English,49.2,57.4,54.7,52.0
S0228,CS,40.2,46.9,44.7,42.5
S0229,Math,57.5,67.1,63.9,60.7
S0229,Science,35.7,41.7,39.7,37.7
S0229,English,61.1,71.3,67.9,64.5
S0229,CS,58.0,67.7,64.5,61.3
S0230,Math,60.5,70.6,67.2,63.8
S0230,Science,51.5,60.1,57.2,54.3
S0230,English,90.0,105.0,100.0,95.0
S0230,CS,76.9,89.7,85.4,81.1
S0231,Math,41.7,48.6,46.3,44.0
S0231,Science,61.6,71.9,68.5,65.1
S0231,English,50.3,58.7,55.9,53.1
S0231,CS,44.8,52.3,49.8,47.3
S0232,Math,40.4,47.1,44.9,42.7
S0232,Science,64.4,75.1,71.5,67.9
S0232,English,49.3,57.5,54.8,52.1
S0232,CS,71.6,83.5,79.5,75.5
S0233,Math,71.9,83.9,79.9,75.9
S0233,Science,77.0,89.9,85.6,81.3
S0233,English,47.0,54.8,52.2,49.6
S0233,CS,64.9,75.7,72.1,68.5
S0234,Math,67.0,78.2,74.5,70.8
S0234,Science,52.1,60.8,57.9,55.0
S0234,English,48.1,56.1,53.4,50.7
S0234,CS,80.2,93.6,89.1,84.6
S0235,Math,61.6,71.8,68.4,65.0
S0235,Science,67.0,78.2,74.5,70.8
S0235,English,47.4,55.3,52.7,50.1
S0235,CS,42.0,49.0,46.7,44.4
S0236,Math,50.8,59.3,56.5,53.7
S0236,Science,56.8,66.3,63.1,59.9
S0236,English,44.1,51.4,49.0,46.6
S0236,CS,58.4,68.1,64.9,61.7
S0237,Math,35.7,41.7,39.7,37.7
S0237,Science,43.4,50.6,48.2,45.8
S0237,English,67.6,78.9,75.1,71.3
S0237,CS,66.7,77.8,74.1,70.4
S0238,Math,53.2,62.1,59.1,56.1
S0238,Science,44.7,52.2,49.7,47.2
S0238,English,44.6,52.1,49.6,47.1
S0238,CS,53.5,62.4,59.4,56.4
S0239,Math,67.2,78.4,74.7,71.0
S0239,Science,71.0,82.8,78.9,75.0
S0239,English,51.8,60.5,57.6,54.7
S0239,CS,42.9,50.1,47.7,45.3
S0240,Math,62.1,72.4,69.0,65.6
S0240,Science,47.3,55.2,52.6,50.0
S0240,English,51.5,60.1,57.2,54.3
S0240,CS,76.4,89.1,84.9,80.7
S0241,Math,69.7,81.3,77.4,73.5
S0241,Science,60.7,70.8,67.4,64.0
S0241,English,41.3,48.2,45.9,43.6
S0241,CS,61.4,71.6,68.2,64.8
S0242,Math,72.8,84.9,80.9,76.9
S0242,Science,53.5,62.4,59.4,56.4
S0242,English,76.8,89.6,85.3,81.0
S0242,CS,76.0,88.6,84.4,80.2
S0243,Math,81.0,94.5,90.0,85.5
S0243,Science,62.6,73.1,69.6,66.1
S0243,English,66.4,77.5,73.8,70.1
S0243,CS,77.6,90.5,86.2,81.9
S0244,Math,64.5,75.3,71.7,68.1
S0244,Science,51.8,60.4,57.5,54.6
S0244,English,52.5,61.2,58.3,55.4
S0244,CS,61.7,72.0,68.6,65.2
S0245,Math,41.0,47.9,45.6,43.3
S0245,Science,56.6,66.0,62.9,59.8
S0245,English,73.3,85.5,81.4,77.3
S0245,CS,28.9,33.7,32.1,30.5
S0246,Math,79.2,92.4,88.0,83.6
S0246,Science,73.6,85.9,81.8,77.7
S0246,English,52.3,61.0,58.1,55.2
S0246,CS,65.9,76.9,73.2,69.5
S0247,Math,58.5,68.2,65.0,61.8
S0247,Science,75.1,87.6,83.4,79.2
S0247,English,71.7,83.7,79.7,75.7
S0247,CS,39.6,46.2,44.0,41.8
S0248,Math,66.4,77.5,73.8,70.1
S0248,Science,55.7,65.0,61.9,58.8
S0248,English,59.6,69.5,66.2,62.9
S0248,CS,48.7,56.8,54.1,51.4
S0249,Math,82.1,95.8,91.2,86.6
S0249,Science,72.5,84.6,80.6,76.6
S0249,English,48.5,56.6,53.9,51.2
S0249,CS,40.5,47.2,45.0,42.8
S0250,Math,53.3,62.2,59.2,56.2
S0250,Science,64.4,75.1,71.5,67.9
S0250,English,61.7,72.0,68.6,65.2
S0250,CS,75.4,88.0,83.8,79.6
S0251,Math,69.1,80.6,76.8,73.0
S0251,Science,71.6,83.5,79.5,75.5
S0251,English,62.9,73.4,69.9,66.4
S0251,CS,39.8,46.4,44.2,42.0
S0252,Math,55.9,65.2,62.1,59.0
S0252,Science,72.8,84.9,80.9,76.9
S0252,English,57.8,67.4,64.2,61.0
S0252,CS,65.2,76.1,72.5,68.9
S0253,Math,54.2,63.2,60.2,57.2
S0253,Science,44.6,52.1,49.6,47.1
S0253,English,56.8,66.3,63.1,59.9
S0253,CS,62.6,73.1,69.6,66.1
S0254,Math,49.7,58.0,55.2,52.4
S0254,Science,55.4,64.6,61.5,58.4
S0254,English,45.8,53.4,50.9,48.4
S0254,CS,73.6,85.9,81.8,77.7
S0255,Math,54.5,63.6,60.6,57.6
S0255,Science,78.1,91.1,86.8,82.5
S0255,English,79.1,92.3,87.9,83.5
S0255,CS,57.4,67.0,63.8,60.6
S0256,Math,44.9,52.4,49.9,47.4
S0256,Science,30.3,35.4,33.7,32.0
S0256,English,38.6,45.0,42.9,40.8
S0256,CS,40.0,46.6,44.4,42.2
S0257,Math,77.1,90.0,85.7,81.4
S0257,Science,60.0,70.0,66.7,63.4
S0257,English,63.7,74.3,70.8,67.3
S0257,CS,28.5,33.3,31.7,30.1
S0258,Math,42.3,49.4,47.0,44.6
S0258,Science,70.5,82.2,78.3,74.4
S0258,English,62.4,72.8,69.3,65.8
S0258,CS,56.5,65.9,62.8,59.7
S0259,Math,66.2,77.2,73.5,69.8
S0259,Science,80.6,94.0,89.5,85.0
S0259,English,55.5,64.8,61.7,58.6
S0259,CS,59.4,69.3,66.0,62.7
S0260,Math,61.1,71.3,67.9,64.5
S0260,Science,90.0,105.0,100.0,95.0
S0260,English,30.2,35.2,33.5,31.8
S0260,CS,67.7,79.0,75.2,71.4
S0261,Math,57.0,66.5,63.3,60.1
S0261,Science,66.2,77.2,73.5,69.8
S0261,English,49.6,57.9,55.1,52.3
S0261,CS,57.9,67.5,64.3,61.1
S0262,Math,68.1,79.5,75.7,71.9
S0262,Science,90.0,105.0,100.0,95.0
S0262,English,69.4,81.0,77.1,73.2
S0262,CS,47.1,54.9,52.3,49.7
S0263,Math,52.7,61.5,58.6,55.7
S0263,Science,52.4,61.1,58.2,55.3
S0263,English,34.3,40.0,38.1,36.2
S0263,CS,54.0,63.0,60.0,57.0
S0264,Math,68.4,79.8,76.0,72.2
S0264,Science,41.3,48.2,45.9,43.6
S0264,English,72.6,84.7,80.7,76.7
S0264,CS,65.1,75.9,72.3,68.7
S0265,Math,48.6,56.7,54.0,51.3
S0265,Science,56.6,66.0,62.9,59.8
S0265,English,80.1,93.4,89.0,84.6
S0265,CS,68.4,79.8,76.0,72.2
S0266,Math,58.6,68.4,65.1,61.8
S0266,Science,55.3,64.5,61.4,58.3
S0266,English,59.5,69.4,66.1,62.8
S0266,CS,51.6,60.2,57.3,54.4
S0267,Math,30.1,35.1,33.4,31.7
S0267,Science,86.0,100.4,95.6,90.8
S0267,English,60.6,70.7,67.3,63.9
S0267,CS,63.9,74.6,71.0,67.4
S0268,Math,57.7,67.3,64.1,60.9
S0268,Science,48.6,56.7,54.0,51.3
S0268,English,56.0,65.3,62.2,59.1
S0268,CS,36.9,43.1,41.0,38.9
S0269,Math,89.3,104.2,99.2,94.2
S0269,Science,41.8,48.8,46.5,44.2
S0269,English,44.6,52.0,49.5,47.0
S0269,CS,52.6,61.3,58.4,55.5
S0270,Math,75.9,88.5,84.3,80.1
S0270,Science,58.7,68.5,65.2,61.9
S0270,English,41.8,48.8,46.5,44.2
S0270,CS,75.4,88.0,83.8,79.6
S0271,Math,68.4,79.8,76.0,72.2
S0271,Science,65.8,76.8,73.1,69.4
S0271,English,68.1,79.5,75.7,71.9
S0271,CS,90.0,105.0,100.0,95.0
S0272,Math,88.0,102.7,97.8,92.9
S0272,Science,49.2,57.4,54.7,52.0
S0272,English,80.5,93.9,89.4,84.9
S0272,CS,63.6,74.2,70.7,67.2
S0273,Math,65.2,76.1,72.5,68.9
S0273,Science,35.6,41.6,39.6,37.6
S0273,English,56.2,65.5,62.4,59.3
S0273,CS,47.5,55.4,52.8,50.2
S0274,Math,69.7,81.3,77.4,73.5
S0274,Science,73.0,85.2,81.1,77.0
S0274,English,30.5,35.6,33.9,32.2
S0274,CS,58.2,67.9,64.7,61.5
S0275,Math,73.6,85.9,81.8,77.7
S0275,Science,56.0,65.3,62.2,59.1
S0275,English,68.3,79.7,75.9,72.1
S0275,CS,63.3,73.8,70.3,66.8
S0276,Math,63.1,73.6,70.1,66.6
S0276,Science,54.8,63.9,60.9,57.9
S0276,English,42.1,49.1,46.8,44.5
S0276,CS,43.4,50.6,48.2,45.8
S0277,Math,68.0,79.4,75.6,71.8
S0277,Science,58.8,68.6,65.3,62.0
S0277,English,56.6,66.0,62.9,59.8
S0277,CS,52.7,61.5,58.6,55.7
S0278,Math,54.4,63.4,60.4,57.4
S0278,Science,72.6,84.7,80.7,76.7
S0278,English,54.0,63.0,60.0,57.0
S0278,CS,40.4,47.1,44.9,42.7
S0279,Math,68.6,80.0,76.2,72.4
S0279,Science,55.7,65.0,61.9,58.8
S0279,English,59.0,68.8,65.5,62.2
S0279,CS,80.2,93.6,89.1,84.6
S0280,Math,58.2,67.9,64.7,61.5
S0280,Science,62.4,72.8,69.3,65.8
S0280,English,42.6,49.7,47.3,44.9
S0280,CS,55.5,64.8,61.7,58.6
S0281,Math,66.7,77.8,74.1,70.4
S0281,Science,37.5,43.8,41.7,39.6
S0281,English,61.2,71.4,68.0,64.6
S0281,CS,59.8,69.8,66.5,63.2
S0282,Math,59.0,68.9,65.6,62.3
S0282,Science,72.5,84.6,80.6,76.6
S0282,English,63.0,73.5,70.0,66.5
S0282,CS,78.5,91.6,87.2,82.8
S0283,Math,45.1,52.6,50.1,47.6
S0283,Science,60.3,70.4,67.0,63.6
S0283,English,59.7,69.6,66.3,63.0
S0283,CS,44.1,51.4,49.0,46.6
S0284,Math,71.4,83.3,79.3,75.3
S0284,Science,89.9,104.9,99.9,94.9
S0284,English,58.2,67.9,64.7,61.5
S0284,CS,65.3,76.2,72.6,69.0
S0285,Math,59.7,69.6,66.3,63.0
S0285,Science,48.9,57.0,54.3,51.6
S0285,English,33.9,39.6,37.7,35.8
S0285,CS,49.0,57.1,54.4,51.7
S0286,Math,39.7,46.3,44.1,41.9
S0286,Science,81.5,95.1,90.6,86.1
S0286,English,57.0,66.5,63.3,60.1
S0286,CS,53.8,62.8,59.8,56.8
S0287,Math,70.5,82.2,78.3,74.4
S0287,Science,43.4,50.6,48.2,45.8
S0287,English,48.2,56.2,53.5,50.8
S0287,CS,59.4,69.3,66.0,62.7
S0288,Math,72.4,84.4,80.4,76.4
S0288,Science,65.2,76.1,72.5,68.9
S0288,English,61.8,72.1,68.7,65.3
S0288,CS,59.6,69.5,66.2,62.9
S0289,Math,63.9,74.6,71.0,67.4
S0289,Science,61.2,71.4,68.0,64.6
S0289,English,44.6,52.1,49.6,47.1
S0289,CS,59.1,69.0,65.7,62.4
S0290,Math,44.0,51.3,48.9,46.5
S0290,Science,59.6,69.5,66.2,62.9
S0290,English,52.0,60.7,57.8,54.9
S0290,CS,90.0,105.0,100.0,95.0
S0291,Math,58.0,67.6,64.4,61.2
S0291,Science,39.5,46.1,43.9,41.7
S0291,English,56.7,66.2,63.0,59.8
S0291,CS,65.5,76.4,72.8,69.2
S0292,Math,81.1,94.6,90.1,85.6
S0292,Science,50.6,59.0,56.2,53.4
S0292,English,37.2,43.4,41.3,39.2
S0292,CS,69.6,81.2,77.3,73.4
S0293,Math,39.9,46.5,44.3,42.1
S0293,Science,52.6,61.4,58.5,55.6
S0293,English,55.0,64.2,61.1,58.0
S0293,CS,57.6,67.2,64.0,60.8
S0294,Math,67.8,79.1,75.3,71.5
S0294,Science,49.2,57.4,54.7,52.0
S0294,English,54.8,63.9,60.9,57.9
S0294,CS,58.3,68.0,64.8,61.6
S0295,Math,60.5,70.6,67.2,63.8
S0295,Science,59.8,69.8,66.5,63.2
S0295,English,64.4,75.1,71.5,67.9
S0295,CS,69.9,81.6,77.7,73.8
S0296,Math,63.8,74.4,70.9,67.4
S0296,Science,64.6,75.4,71.8,68.2
S0296,English,37.2,43.4,41.3,39.2
S0296,CS,59.2,69.1,65.8,62.5
S0297,Math,65.0,75.8,72.2,68.6
S0297,Science,68.3,79.7,75.9,72.1
S0297,English,49.1,57.3,54.6,51.9
S0297,CS,49.6,57.9,55.1,52.3
S0298,Math,50.8,59.2,56.4,53.6
S0298,Science,65.7,76.6,73.0,69.4
S0298,English,72.4,84.5,80.5,76.5
S0298,CS,53.0,61.8,58.9,56.0
S0299,Math,70.7,82.5,78.6,74.7
S0299,Science,60.2,70.2,66.9,63.6
S0299,English,56.8,66.3,63.1,59.9
S0299,CS,55.6,64.9,61.8,58.7
S0300,Math,68.6,80.0,76.2,72.4
S0300,Science,62.9,73.4,69.9,66.4
S0300,English,89.2,104.1,99.1,94.1
S0300,CS,47.0,54.8,52.2,49.6
S0301,Math,65.5,76.4,72.8,69.2
S0301,Science,51.4,60.0,57.1,54.2
S0301,English,46.8,54.6,52.0,49.4
S0301,CS,58.3,68.0,64.8,61.6
S0302,Math,60.4,70.5,67.1,63.7
S0302,Science,90.0,105.0,100.0,95.0
S0302,English,56.0,65.3,62.2,59.1
S0302,CS,43.2,50.4,48.0,45.6
S0303,Math,62.2,72.6,69.1,65.6
S0303,Science,30.5,35.6,33.9,32.2
S0303,English,57.2,66.8,63.6,60.4
S0303,CS,58.7,68.5,65.2,61.9
S0304,Math,69.2,80.7,76.9,73.1
S0304,Science,71.6,83.6,79.6,75.6
S0304,English,51.7,60.3,57.4,54.5
S0304,CS,56.4,65.8,62.7,59.6
S0305,Math,48.2,56.2,53.5,50.8
S0305,Science,43.3,50.5,48.1,45.7
S0305,English,62.6,73.1,69.6,66.1
S0305,CS,41.3,48.2,45.9,43.6
S0306,Math,52.9,61.7,58.8,55.9
S0306,Science,45.1,52.6,50.1,47.6
S0306,English,65.9,76.9,73.2,69.5
S0306,CS,82.8,96.6,92.0,87.4
S0307,Math,41.0,47.8,45.5,43.2
S0307,Science,33.5,39.1,37.2,35.3
S0307,English,56.8,66.3,63.1,59.9
S0307,CS,58.7,68.5,65.2,61.9
S0308,Math,61.5,71.7,68.3,64.9
S0308,Science,52.5,61.2,58.3,55.4
S0308,English,55.8,65.1,62.0,58.9
S0308,CS,63.4,74.0,70.5,67.0
S0309,Math,72.5,84.6,80.6,76.6
S0309,Science,32.1,37.5,35.7,33.9
S0309,English,53.6,62.5,59.5,56.5
S0309,CS,61.4,71.6,68.2,64.8
S0310,Math,46.1,53.8,51.2,48.6
S0310,Science,81.9,95.6,91.0,86.4
S0310,English,50.0,58.3,55.5,52.7
S0310,CS,58.0,67.6,64.4,61.2
S0311,Math,66.0,77.0,73.3,69.6
S0311,Science,50.5,58.9,56.1,53.3
S0311,English,33.6,39.2,37.3,35.4
S0311,CS,52.7,61.5,58.6,55.7
S0312,Math,72.4,84.4,80.4,76.4
S0312,Science,53.9,62.9,59.9,56.9
S0312,English,47.1,54.9,52.3,49.7
S0312,CS,71.0,82.8,78.9,75.0
S0313,Math,54.0,63.0,60.0,57.0
S0313,Science,51.6,60.2,57.3,54.4
S0313,English,60.5,70.6,67.2,63.8
S0313,CS,68.9,80.4,76.6,72.8
S0314,Math,90.0,105.0,100.0,95.0
S0314,Science,69.7,81.3,77.4,73.5
S0314,English,74.2,86.5,82.4,78.3
S0314,CS,51.7,60.3,57.4,54.5
S0315,Math,44.6,52.1,49.6,47.1
S0315,Science,59.3,69.2,65.9,62.6
S0315,English,59.9,69.9,66.6,63.3
S0315,CS,43.9,51.2,48.8,46.4
S0316,Math,56.2,65.5,62.4,59.3
S0316,Science,63.9,74.6,71.0,67.4
S0316,English,63.4,73.9,70.4,66.9
S0316,CS,65.3,76.2,72.6,69.0
S0317,Math,62.5,72.9,69.4,65.9
S0317,Science,51.7,60.3,57.4,54.5
S0317,English,51.6,60.2,57.3,54.4
S0317,CS,42.3,49.4,47.0,44.6
S0318,Math,82.6,96.4,91.8,87.2
S0318,Science,58.7,68.5,65.2,61.9
S0318,English,55.4,64.7,61.6,58.5
S0318,CS,46.0,53.7,51.1,48.5
S0319,Math,90.0,105.0,100.0,95.0
S0319,Science,44.0,51.3,48.9,46.5
S0319,English,52.7,61.5,58.6,55.7
S0319,CS,64.1,74.8,71.2,67.6
S0320,Math,66.6,77.7,74.0,70.3
S0320,Science,71.5,83.4,79.4,75.4
S0320,English,82.9,96.7,92.1,87.5
S0320,CS,65.3,76.2,72.6,69.0
S0321,Math,44.3,51.7,49.2,46.7
S0321,Science,55.0,64.2,61.1,58.0
S0321,English,62.6,73.1,69.6,66.1
S0321,CS,86.4,100.8,96.0,91.2
S0322,Math,39.6,46.2,44.0,41.8
S0322,Science,74.7,87.2,83.0,78.8
S0322,English,60.9,71.1,67.7,64.3
S0322,CS,69.8,81.5,77.6,73.7
S0323,Math,57.2,66.7,63.5,60.3
S0323,Science,47.2,55.0,52.4,49.8
S0323,English,68.7,80.1,76.3,72.5
S0323,CS,67.3,78.5,74.8,71.1
S0324,Math,71.6,83.6,79.6,75.6
S0324,Science,58.3,68.0,64.8,61.6
S0324,English,50.4,58.8,56.0,53.2
S0324,CS,37.4,43.7,41.6,39.5
S0325,Math,69.6,81.2,77.3,73.4
S0325,Science,64.3,75.0,71.4,67.8
S0325,English,45.4,53.0,50.5,48.0
S0325,CS,51.2,59.7,56.9,54.1
S0326,Math,52.2,60.9,58.0,55.1
S0326,Science,38.5,44.9,42.8,40.7
S0326,English,47.4,55.3,52.7,50.1
S0326,CS,43.2,50.4,48.0,45.6
S0327,Math,52.9,61.7,58.8,55.9
S0327,Science,48.5,56.6,53.9,51.2
S0327,English,36.5,42.6,40.6,38.6
S0327,CS,85.8,100.1,95.3,90.5
S0328,Math,75.4,88.0,83.8,79.6
S0328,Science,48.0,56.0,53.3,50.6
S0328,English,62.2,72.6,69.1,65.6
S0328,CS,64.2,74.9,71.3,67.7
S0329,Math,74.6,87.0,82.9,78.8
S0329,Science,47.4,55.3,52.7,50.1
S0329,English,73.3,85.5,81.4,77.3
S0329,CS,51.1,59.6,56.8,54.0
S0330,Math,40.5,47.2,45.0,42.8
S0330,Science,68.3,79.7,75.9,72.1
S0330,English,76.0,88.6,84.4,80.2
S0330,CS,90.0,105.0,100.0,95.0
S0331,Math,42.3,49.4,47.0,44.6
S0331,Science,68.0,79.3,75.5,71.7
S0331,English,53.0,61.8,58.9,56.0
S0331,CS,69.1,80.6,76.8,73.0
S0332,Math,38.6,45.0,42.9,40.8
S0332,Science,41.5,48.4,46.1,43.8
S0332,English,48.1,56.1,53.4,50.7
S0332,CS,59.6,69.5,66.2,62.9
S0333,Math,49.9,58.2,55.4,52.6
S0333,Science,67.4,78.6,74.9,71.2
S0333,English,72.4,84.4,80.4,76.4
S0333,CS,66.6,77.7,74.0,70.3
S0334,Math,80.4,93.8,89.3,84.8
S0334,Science,64.1,74.8,71.2,67.6
S0334,English,42.0,49.0,46.7,44.4
S0334,CS,77.0,89.8,85.5,81.2
S0335,Math,50.3,58.7,55.9,53.1
S0335,Science,70.8,82.6,78.7,74.8
S0335,English,79.7,93.0,88.6,84.2
S0335,CS,64.7,75.5,71.9,68.3
S0336,Math,38.3,44.7,42.6,40.5
S0336,Science,46.1,53.8,51.2,48.6
S0336,English,76.3,89.0,84.8,80.6
S0336,CS,56.2,65.6,62.5,59.4
S0337,Math,59.6,69.5,66.2,62.9
S0337,Science,68.8,80.2,76.4,72.6
S0337,English,67.9,79.2,75.4,71.6
S0337,CS,62.3,72.7,69.2,65.7
S0338,Math,55.7,65.0,61.9,58.8
S0338,Science,54.3,63.3,60.3,57.3
S0338,English,70.1,81.8,77.9,74.0
S0338,CS,66.0,77.0,73.3,69.6
S0339,Math,55.0,64.2,61.1,58.0
S0339,Science,73.1,85.3,81.2,77.1
S0339,English,56.8,66.3,63.1,59.9
S0339,CS,47.0,54.8,52.2,49.6
S0340,Math,48.2,56.3,53.6,50.9
S0340,Science,45.3,52.8,50.3,47.8
S0340,English,54.8,63.9,60.9,57.9
S0340,CS,75.2,87.7,83.5,79.3
S0341,Math,47.6,55.5,52.9,50.3
S0341,Science,61.0,71.2,67.8,64.4
S0341,English,49.6,57.9,55.1,52.3
S0341,CS,55.0,64.2,61.1,58.0
S0342,Math,38.1,44.4,42.3,40.2
S0342,Science,55.5,64.8,61.7,58.6
S0342,English,55.9,65.2,62.1,59.0
S0342,CS,65.8,76.8,73.1,69.4
S0343,Math,61.5,71.7,68.3,64.9
S0343,Science,42.3,49.4,47.0,44.6
S0343,English,73.2,85.4,81.3,77.2
S0343,CS,61.4,71.6,68.2,64.8
S0344,Math,61.2,71.4,68.0,64.6
S0344,Science,58.4,68.1,64.9,61.7
S0344,English,51.5,60.1,57.2,54.3
S0344,CS,61.5,71.7,68.3,64.9
S0345,Math,64.9,75.7,72.1,68.5
S0345,Science,34.9,40.7,38.8,36.9
S0345,English,51.2,59.7,56.9,54.1
S0345,CS,55.1,64.3,61.2,58.1
S0346,Math,61.9,72.2,68.8,65.4
S0346,Science,74.6,87.0,82.9,78.8
S0346,English,48.1,56.1,53.4,50.7
S0346,CS,51.8,60.4,57.5,54.6
S0347,Math,51.6,60.2,57.3,54.4
S0347,Science,47.7,55.6,53.0,50.3
S0347,English,53.8,62.8,59.8,56.8
S0347,CS,68.9,80.4,76.6,72.8
S0348,Math,44.3,51.7,49.2,46.7
S0348,Science,64.3,75.0,71.4,67.8
S0348,English,35.6,41.5,39.5,37.5
S0348,CS,50.9,59.4,56.6,53.8
S0349,Math,54.1,63.1,60.1,57.1
S0349,Science,81.1,94.6,90.1,85.6
S0349,English,54.8,63.9,60.9,57.9
S0349,CS,28.8,33.6,32.0,30.4
S0350,Math,31.5,36.8,35.0,33.2
S0350,Science,59.0,68.8,65.5,62.2
S0350,English,66.8,77.9,74.2,70.5
S0350,CS,63.5,74.1,70.6,67.1
S0351,Math,60.8,70.9,67.5,64.1
S0351,Science,74.2,86.5,82.4,78.3
S0351,English,51.2,59.7,56.9,54.1
S0351,CS,70.6,82.3,78.4,74.5
S0352,Math,36.4,42.5,40.5,38.5
S0352,Science,46.3,54.0,51.4,48.8
S0352,English,34.1,39.8,37.9,36.0
S0352,CS,54.8,63.9,60.9,57.9
S0353,Math,57.9,67.5,64.3,61.1
S0353,Science,60.0,70.0,66.7,63.4
S0353,English,59.3,69.2,65.9,62.6
S0353,CS,46.0,53.7,51.1,48.5
S0354,Math,55.9,65.2,62.1,59.0
S0354,Science,38.2,44.6,42.5,40.4
S0354,English,76.9,89.7,85.4,81.1
S0354,CS,54.4,63.4,60.4,57.4
S0355,Math,51.9,60.6,57.7,54.8
S0355,Science,79.9,93.2,88.8,84.4
S0355,English,41.8,48.7,46.4,44.1
S0355,CS,43.3,50.5,48.1,45.7
S0356,Math,43.7,51.0,48.6,46.2
S0356,Science,57.6,67.2,64.0,60.8
S0356,English,64.4,75.1,71.5,67.9
S0356,CS,68.5,79.9,76.1,72.3
S0357,Math,90.0,105.0,100.0,95.0
S0357,Science,28.2,32.9,31.3,29.7
S0357,English,66.7,77.8,74.1,70.4
S0357,CS,50.9,59.4,56.6,53.8
S0358,Math,50.6,59.0,56.2,53.4
S0358,Science,50.1,58.5,55.7,52.9
S0358,English,46.3,54.0,51.4,48.8
S0358,CS,81.3,94.8,90.3,85.8
S0359,Math,69.8,81.5,77.6,73.7
S0359,Science,58.8,68.6,65.3,62.0
S0359,English,76.8,89.6,85.3,81.0
S0359,CS,38.1,44.4,42.3,40.2
S0360,Math,40.5,47.2,45.0,42.8
S0360,Science,29.1,33.9,32.3,30.7
S0360,English,49.1,57.2,54.5,51.8
S0360,CS,60.7,70.8,67.4,64.0
S0361,Math,59.8,69.8,66.5,63.2
S0361,Science,60.5,70.6,67.2,63.8
S0361,English,39.4,46.0,43.8,41.6
S0361,CS,69.3,80.9,77.0,73.1
S0362,Math,61.7,72.0,68.6,65.2
S0362,Science,68.4,79.8,76.0,72.2
S0362,English,32.9,38.4,36.6,34.8
S0362,CS,62.7,73.2,69.7,66.2
S0363,Math,42.5,49.6,47.2,44.8
S0363,Science,53.1,62.0,59.0,56.0
S0363,English,65.7,76.6,73.0,69.4
S0363,CS,59.8,69.7,66.4,63.1
S0364,Math,47.0,54.8,52.2,49.6
S0364,Science,58.6,68.4,65.1,61.8
S0364,English,37.8,44.1,42.0,39.9
S0364,CS,74.1,86.4,82.3,78.2
S0365,Math,55.7,65.0,61.9,58.8
S0365,Science,73.6,85.9,81.8,77.7
S0365,English,51.4,60.0,57.1,54.2
S0365,CS,51.4,60.0,57.1,54.2
S0366,Math,48.2,56.2,53.5,50.8
S0366,Science,70.3,82.0,78.1,74.2
S0366,English,49.0,57.1,54.4,51.7
S0366,CS,67.2,78.4,74.7,71.0
S0367,Math,53.4,62.3,59.3,56.3
S0367,Science,31.9,37.2,35.4,33.6
S0367,English,50.8,59.2,56.4,53.6
S0367,CS,42.6,49.7,47.3,44.9
S0368,Math,59.0,68.8,65.5,62.2
S0368,Science,42.4,49.5,47.1,44.7
S0368,English,71.0,82.8,78.9,75.0
S0368,CS,57.2,66.8,63.6,60.4
S0369,Math,56.1,65.4,62.3,59.2
S0369,Science,67.3,78.5,74.8,71.1
S0369,English,71.6,83.5,79.5,75.5
S0369,CS,58.2,67.9,64.7,61.5
S0370,Math,48.1,56.1,53.4,50.7
S0370,Science,34.6,40.3,38.4,36.5
S0370,English,49.2,57.4,54.7,52.0
S0370,CS,50.1,58.5,55.7,52.9
S0371,Math,59.9,69.9,66.6,63.3
S0371,Science,53.8,62.8,59.8,56.8
S0371,English,67.8,79.1,75.3,71.5
S0371,CS,50.2,58.6,55.8,53.0
S0372,Math,57.7,67.3,64.1,60.9
S0372,Science,74.5,86.9,82.8,78.7
S0372,English,63.1,73.6,70.1,66.6
S0372,CS,57.7,67.3,64.1,60.9
S0373,Math,50.4,58.8,56.0,53.2
S0373,Science,50.0,58.3,55.5,52.7
S0373,English,47.0,54.8,52.2,49.6
S0373,CS,51.2,59.7,56.9,54.1
S0374,Math,68.7,80.1,76.3,72.5
S0374,Science,55.5,64.8,61.7,58.6
S0374,English,40.3,47.0,44.8,42.6
S0374,CS,82.4,96.1,91.5,86.9
S0375,Math,62.8,73.3,69.8,66.3
S0375,Science,39.5,46.1,43.9,41.7
S0375,English,52.6,61.3,58.4,55.5
S0375,CS,60.0,70.0,66.7,63.4
S0376,Math,81.5,95.1,90.6,86.1
S0376,Science,43.6,50.8,48.4,46.0
S0376,English,71.6,83.6,79.6,75.6
S0376,CS,77.4,90.3,86.0,81.7
S0377,Math,50.0,58.4,55.6,52.8
S0377,Science,54.7,63.8,60.8,57.8
S0377,English,44.6,52.0,49.5,47.0
S0377,CS,55.7,65.0,61.9,58.8
S0378,Math,58.0,67.7,64.5,61.3
S0378,Science,67.4,78.6,74.9,71.2
S0378,English,73.3,85.5,81.4,77.3
S0378,CS,48.4,56.5,53.8,51.1
S0379,Math,32.0,37.3,35.5,33.7
S0379,Science,58.2,67.9,64.7,61.5
S0379,English,62.5,72.9,69.4,65.9
S0379,CS,61.8,72.1,68.7,65.3
S0380,Math,54.1,63.1,60.1,57.1
S0380,Science,60.2,70.2,66.9,63.6
S0380,English,78.9,92.1,87.7,83.3
S0380,CS,63.6,74.2,70.7,67.2
S0381,Math,53.5,62.4,59.4,56.4
S0381,Science,51.8,60.4,57.5,54.6
S0381,English,56.2,65.6,62.5,59.4
S0381,CS,80.6,94.1,89.6,85.1
S0382,Math,56.1,65.4,62.3,59.2
S0382,Science,58.2,67.9,64.7,61.5
S0382,English,52.0,60.7,57.8,54.9
S0382,CS,73.4,85.6,81.5,77.4
S0383,Math,85.0,99.1,94.4,89.7
S0383,Science,64.6,75.4,71.8,68.2
S0383,English,59.6,69.5,66.2,62.9
S0383,CS,59.0,68.9,65.6,62.3
S0384,Math,26.3,30.7,29.2,27.7
S0384,Science,68.6,80.0,76.2,72.4
S0384,English,60.3,70.4,67.0,63.6
S0384,CS,64.3,75.0,71.4,67.8
S0385,Math,48.9,57.0,54.3,51.6
S0385,Science,53.3,62.2,59.2,56.2
S0385,English,52.9,61.7,58.8,55.9
S0385,CS,72.3,84.3,80.3,76.3
S0386,Math,53.4,62.3,59.3,56.3
S0386,Science,86.6,101.0,96.2,91.4
S0386,English,64.4,75.1,71.5,67.9
S0386,CS,41.3,48.2,45.9,43.6
S0387,Math,56.8,66.3,63.1,59.9
S0387,Science,49.7,58.0,55.2,52.4
S0387,English,28.9,33.7,32.1,30.5
S0387,CS,80.1,93.4,89.0,84.6
S0388,Math,68.0,79.3,75.5,71.7
S0388,Science,65.7,76.6,73.0,69.4
S0388,English,60.8,70.9,67.5,64.1
S0388,CS,39.9,46.5,44.3,42.1
S0389,Math,51.9,60.6,57.7,54.8
S0389,Science,69.8,81.5,77.6,73.7
S0389,English,44.3,51.7,49.2,46.7
S0389,CS,24.3,28.4,27.0,25.6
S0390,Math,55.4,64.7,61.6,58.5
S0390,Science,56.6,66.0,62.9,59.8
S0390,English,60.3,70.4,67.0,63.6
S0390,CS,68.3,79.7,75.9,72.1
S0391,Math,67.1,78.3,74.6,70.9
S0391,Science,62.0,72.3,68.9,65.5
S0391,English,74.6,87.0,82.9,78.8
S0391,CS,38.0,44.3,42.2,40.1
S0392,Math,65.3,76.2,72.6,69.0
S0392,Science,67.0,78.1,74.4,70.7
S0392,English,41.8,48.7,46.4,44.1
S0392,CS,38.2,44.6,42.5,40.4
S0393,Math,48.4,56.5,53.8,51.1
S0393,Science,49.6,57.9,55.1,52.3
S0393,English,68.7,80.1,76.3,72.5
S0393,CS,50.2,58.6,55.8,53.0
S0394,Math,47.0,54.8,52.2,49.6
S0394,Science,50.2,58.6,55.8,53.0
S0394,English,73.6,85.9,81.8,77.7
S0394,CS,58.7,68.5,65.2,61.9
S0395,Math,56.1,65.4,62.3,59.2
S0395,Science,57.0,66.5,63.3,60.1
S0395,English,76.0,88.6,84.4,80.2
S0395,CS,48.4,56.5,53.8,51.1
S0396,Math,76.2,88.9,84.7,80.5
S0396,Science,61.4,71.6,68.2,64.8
S0396,English,56.3,65.7,62.6,59.5
S0396,CS,90.0,105.0,100.0,95.0
S0397,Math,44.3,51.7,49.2,46.7
S0397,Science,53.7,62.7,59.7,56.7
S0397,English,41.8,48.8,46.5,44.2
S0397,CS,71.4,83.3,79.3,75.3
S0398,Math,81.3,94.8,90.3,85.8
S0398,Science,81.0,94.5,90.0,85.5
S0398,English,75.1,87.6,83.4,79.2
S0398,CS,55.8,65.1,62.0,58.9
S0399,Math,53.6,62.5,59.5,56.5
S0399,Science,35.9,41.9,39.9,37.9
S0399,English,86.0,100.3,95.5,90.7
S0399,CS,64.8,75.6,72.0,68.4
S0400,Math,51.8,60.5,57.6,54.7
S0400,Science,76.4,89.1,84.9,80.7
S0400,English,45.4,52.9,50.4,47.9
S0400,CS,64.0,74.7,71.1,67.5
S0401,Math,56.2,65.5,62.4,59.3
S0401,Science,67.1,78.3,74.6,70.9
S0401,English,57.6,67.2,64.0,60.8
S0401,CS,38.9,45.4,43.2,41.0
S0402,Math,59.5,69.4,66.1,62.8
S0402,Science,72.6,84.7,80.7,76.7
S0402,English,58.1,67.8,64.6,61.4
S0402,CS,68.9,80.4,76.6,72.8
S0403,Math,44.4,51.8,49.3,46.8
S0403,Science,58.1,67.8,64.6,61.4
S0403,English,50.0,58.4,55.6,52.8
S0403,CS,68.6,80.0,76.2,72.4
S0404,Math,59.0,68.8,65.5,62.2
S0404,Science,67.9,79.2,75.4,71.6
S0404,English,73.2,85.4,81.3,77.2
S0404,CS,67.9,79.2,75.4,71.6
S0405,Math,62.2,72.6,69.1,65.6
S0405,Science,45.0,52.5,50.0,47.5
S0405,English,58.5,68.2,65.0,61.8
S0405,CS,51.3,59.8,57.0,54.2
S0406,Math,53.8,62.8,59.8,56.8
S0406,Science,53.5,62.4,59.4,56.4
S0406,English,45.3,52.8,50.3,47.8
S0406,CS,32.0,37.4,35.6,33.8
S0407,Math,49.5,57.8,55.0,52.2
S0407,Science,61.1,71.3,67.9,64.5
S0407,English,40.3,47.0,44.8,42.6
S0407,CS,58.7,68.5,65.2,61.9
S0408,Math,84.2,98.2,93.5,88.8
S0408,Science,72.3,84.3,80.3,76.3
S0408,English,80.7,94.2,89.7,85.2
S0408,CS,63.8,74.4,70.9,67.4
S0409,Math,74.2,86.6,82.5,78.4
S0409,Science,48.7,56.8,54.1,51.4
S0409,English,49.8,58.1,55.3,52.5
S0409,CS,21.5,25.1,23.9,22.7
S0410,Math,74.5,86.9,82.8,78.7
S0410,Science,79.3,92.5,88.1,83.7
S0410,English,51.0,59.5,56.7,53.9
S0410,CS,55.1,64.3,61.2,58.1
S0411,Math,48.3,56.4,53.7,51.0
S0411,Science,63.6,74.2,70.7,67.2
S0411,English,73.7,86.0,81.9,77.8
S0411,CS,35.0,40.8,38.9,37.0
S0412,Math,64.0,74.7,71.1,67.5
S0412,Science,54.7,63.8,60.8,57.8
S0412,English,60.0,70.0,66.7,63.4
S0412,CS,64.7,75.5,71.9,68.3
S0413,Math,56.0,65.3,62.2,59.1
S0413,Science,57.1,66.6,63.4,60.2
S0413,English,55.6,64.9,61.8,58.7
S0413,CS,71.6,83.6,79.6,75.6
S0414,Math,64.2,74.9,71.3,67.7
S0414,Science,61.5,71.7,68.3,64.9
S0414,English,41.3,48.2,45.9,43.6
S0414,CS,53.4,62.3,59.3,56.3
S0415,Math,70.6,82.4,78.5,74.6
S0415,Science,59.0,68.9,65.6,62.3
S0415,English,67.4,78.6,74.9,71.2
S0415,CS,82.4,96.1,91.5,86.9
S0416,Math,72.5,84.6,80.6,76.6
S0416,Science,59.8,69.7,66.4,63.1
S0416,English,51.6,60.2,57.3,54.4
S0416,CS,24.0,28.0,26.7,25.4
S0417,Math,56.2,65.6,62.5,59.4
S0417,Science,54.1,63.1,60.1,57.1
S0417,English,63.8,74.4,70.9,67.4
S0417,CS,56.4,65.8,62.7,59.6
S0418,Math,54.2,63.2,60.2,57.2
S0418,Science,34.5,40.2,38.3,36.4
S0418,English,45.8,53.4,50.9,48.4
S0418,CS,64.9,75.7,72.1,68.5
S0419,Math,81.6,95.2,90.7,86.2
S0419,Science,57.2,66.7,63.5,60.3
S0419,English,62.9,73.4,69.9,66.4
S0419,CS,71.4,83.3,79.3,75.3
S0420,Math,47.5,55.4,52.8,50.2
S0420,Science,63.4,74.0,70.5,67.0
S0420,English,48.5,56.6,53.9,51.2
S0420,CS,70.2,81.9,78.0,74.1
S0421,Math,60.6,70.7,67.3,63.9
S0421,Science,62.6,73.0,69.5,66.0
S0421,English,48.0,56.0,53.3,50.6
S0421,CS,68.0,79.4,75.6,71.8
S0422,Math,86.7,101.1,96.3,91.5
S0422,Science,44.9,52.4,49.9,47.4
S0422,English,53.9,62.9,59.9,56.9
S0422,CS,61.6,71.9,68.5,65.1
S0423,Math,69.1,80.6,76.8,73.0
S0423,Science,50.9,59.4,56.6,53.8
S0423,English,20.2,23.6,22.5,21.4
S0423,CS,76.9,89.7,85.4,81.1
S0424,Math,68.8,80.2,76.4,72.6
S0424,Science,35.0,40.8,38.9,37.0
S0424,English,50.3,58.7,55.9,53.1
S0424,CS,79.6,92.9,88.5,84.1
S0425,Math,78.0,91.0,86.7,82.4
S0425,Science,71.2,83.1,79.1,75.1
S0425,English,56.2,65.5,62.4,59.3
S0425,CS,59.6,69.5,66.2,62.9
S0426,Math,56.7,66.2,63.0,59.8
S0426,Science,73.7,86.0,81.9,77.8
S0426,English,46.7,54.5,51.9,49.3
S0426,CS,47.6,55.5,52.9,50.3
S0427,Math,72.2,84.2,80.2,76.2
S0427,Science,57.9,67.5,64.3,61.1
S0427,English,77.1,90.0,85.7,81.4
S0427,CS,49.4,57.6,54.9,52.2
S0428,Math,57.8,67.4,64.2,61.0
S0428,Science,46.1,53.8,51.2,48.6
S0428,English,58.6,68.4,65.1,61.8
S0428,CS,38.5,44.9,42.8,40.7
S0429,Math,51.9,60.6,57.7,54.8
S0429,Science,39.2,45.7,43.5,41.3
S0429,English,67.9,79.2,75.4,71.6
S0429,CS,68.1,79.5,75.7,71.9
S0430,Math,35.1,41.0,39.0,37.0
S0430,Science,76.5,89.2,85.0,80.8
S0430,English,90.0,105.0,100.0,95.0
S0430,CS,59.1,69.0,65.7,62.4
S0431,Math,49.9,58.2,55.4,52.6
S0431,Science,90.0,105.0,100.0,95.0
S0431,English,40.7,47.5,45.2,42.9
S0431,CS,58.8,68.6,65.3,62.0
S0432,Math,60.9,71.1,67.7,64.3
S0432,Science,76.7,89.5,85.2,80.9
S0432,English,63.4,73.9,70.4,66.9
S0432,CS,51.8,60.4,57.5,54.6
S0433,Math,45.6,53.2,50.7,48.2
S0433,Science,53.9,62.9,59.9,56.9
S0433,English,44.9,52.4,49.9,47.4
S0433,CS,59.1,69.0,65.7,62.4
S0434,Math,50.8,59.3,56.5,53.7
S0434,Science,38.3,44.7,42.6,40.5
S0434,English,75.4,88.0,83.8,79.6
S0434,CS,51.8,60.4,57.5,54.6
S0435,Math,41.4,48.3,46.0,43.7
S0435,Science,56.2,65.6,62.5,59.4
S0435,English,59.4,69.3,66.0,62.7
S0435,CS,34.9,40.7,38.8,36.9
S0436,Math,63.0,73.5,70.0,66.5
S0436,Science,44.4,51.8,49.3,46.8
S0436,English,81.6,95.2,90.7,86.2
S0436,CS,65.6,76.5,72.9,69.3
S0437,Math,53.1,62.0,59.0,56.0
S0437,Science,48.4,56.5,53.8,51.1
S0437,English,57.1,66.6,63.4,60.2
S0437,CS,66.8,77.9,74.2,70.5
S0438,Math,58.1,67.8,64.6,61.4
S0438,Science,55.5,64.8,61.7,58.6
S0438,English,59.3,69.2,65.9,62.6
S0438,CS,50.3,58.7,55.9,53.1
S0439,Math,53.9,62.9,59.9,56.9
S0439,Science,30.3,35.4,33.7,32.0
S0439,English,71.6,83.6,79.6,75.6
S0439,CS,62.6,73.0,69.5,66.0
S0440,Math,48.1,56.1,53.4,50.7
S0440,Science,84.2,98.2,93.5,88.8
S0440,English,59.7,69.6,66.3,63.0
S0440,CS,44.6,52.0,49.5,47.0
S0441,Math,70.1,81.8,77.9,74.0
S0441,Science,63.9,74.6,71.0,67.4
S0441,English,63.8,74.4,70.9,67.4
S0441,CS,52.7,61.5,58.6,55.7
S0442,Math,64.6,75.4,71.8,68.2
S0442,Science,55.0,64.2,61.1,58.0
S0442,English,66.0,77.0,73.3,69.6
S0442,CS,32.8,38.2,36.4,34.6
S0443,Math,52.6,61.4,58.5,55.6
S0443,Science,81.7,95.3,90.8,86.3
S0443,English,48.2,56.2,53.5,50.8
S0443,CS,50.3,58.7,55.9,53.1
S0444,Math,52.5,61.2,58.3,55.4
S0444,Science,42.1,49.1,46.8,44.5
S0444,English,28.7,33.5,31.9,30.3
S0444,CS,55.4,64.6,61.5,58.4
S0445,Math,60.3,70.4,67.0,63.6
S0445,Science,57.8,67.4,64.2,61.0
S0445,English,56.5,65.9,62.8,59.7
S0445,CS,59.0,68.9,65.6,62.3
S0446,Math,72.3,84.3,80.3,76.3
S0446,Science,55.9,65.2,62.1,59.0
S0446,English,50.8,59.2,56.4,53.6
S0446,CS,54.7,63.8,60.8,57.8
S0447,Math,66.3,77.4,73.7,70.0
S0447,Science,77.6,90.5,86.2,81.9
S0447,English,50.0,58.4,55.6,52.8
S0447,CS,59.8,69.8,66.5,63.2
S0448,Math,63.1,73.6,70.1,66.6
S0448,Science,45.1,52.6,50.1,47.6
S0448,English,58.8,68.6,65.3,62.0
S0448,CS,38.7,45.2,43.0,40.8
S0449,Math,34.6,40.4,38.5,36.6
S0449,Science,63.4,74.0,70.5,67.0
S0449,English,53.3,62.2,59.2,56.2
S0449,CS,61.2,71.4,68.0,64.6
S0450,Math,58.2,67.9,64.7,61.5
S0450,Science,45.4,52.9,50.4,47.9
S0450,English,57.9,67.5,64.3,61.1
S0450,CS,41.8,48.8,46.5,44.2
S0451,Math,77.3,90.2,85.9,81.6
S0451,Science,40.2,46.9,44.7,42.5
S0451,English,55.9,65.2,62.1,59.0
S0451,CS,44.5,51.9,49.4,46.9
S0452,Math,66.2,77.3,73.6,69.9
S0452,Science,54.0,63.0,60.0,57.0
S0452,English,51.5,60.1,57.2,54.3
S0452,CS,70.0,81.7,77.8,73.9
S0453,Math,58.9,68.7,65.4,62.1
S0453,Science,65.4,76.3,72.7,69.1
S0453,English,45.3,52.8,50.3,47.8
S0453,CS,39.5,46.1,43.9,41.7
S0454,Math,59.9,69.9,66.6,63.3
S0454,Science,54.2,63.2,60.2,57.2
S0454,English,67.0,78.1,74.4,70.7
S0454,CS,57.4,67.0,63.8,60.6
S0455,Math,61.3,71.5,68.1,64.7
S0455,Science,36.5,42.6,40.6,38.6
S0455,English,84.0,98.0,93.3,88.6
S0455,CS,56.2,65.6,62.5,59.4
S0456,Math,68.0,79.3,75.5,71.7
S0456,Science,47.2,55.1,52.5,49.9
S0456,English,62.6,73.1,69.6,66.1
S0456,CS,41.0,47.8,45.5,43.2
S0457,Math,64.6,75.4,71.8,68.2
S0457,Science,53.7,62.7,59.7,56.7
S0457,English,58.9,68.7,65.4,62.1
S0457,CS,68.0,79.3,75.5,71.7
S0458,Math,41.8,48.8,46.5,44.2
S0458,Science,49.2,57.4,54.7,52.0
S0458,English,64.7,75.5,71.9,68.3
S0458,CS,86.9,101.3,96.5,91.7
S0459,Math,56.6,66.0,62.9,59.8
S0459,Science,66.5,77.6,73.9,70.2
S0459,English,57.1,66.6,63.4,60.2
S0459,CS,84.7,98.8,94.1,89.4
S0460,Math,34.9,40.7,38.8,36.9
S0460,Science,59.8,69.7,66.4,63.1
S0460,English,36.5,42.6,40.6,38.6
S0460,CS,24.7,28.8,27.4,26.0
S0461,Math,62.6,73.0,69.5,66.0
S0461,Science,60.4,70.5,67.1,63.7
S0461,English,54.6,63.7,60.7,57.7
S0461,CS,57.1,66.6,63.4,60.2
S0462,Math,90.0,105.0,100.0,95.0
S0462,Science,55.0,64.2,61.1,58.0
S0462,English,65.4,76.3,72.7,69.1
S0462,CS,49.8,58.1,55.3,52.5
S0463,Math,62.5,72.9,69.4,65.9
S0463,Science,55.3,64.5,61.4,58.3
S0463,English,52.9,61.7,58.8,55.9
S0463,CS,83.1,96.9,92.3,87.7
S0464,Math,74.4,86.8,82.7,78.6
S0464,Science,60.4,70.5,67.1,63.7
S0464,English,27.4,31.9,30.4,28.9
S0464,CS,53.6,62.6,59.6,56.6
S0465,Math,90.0,105.0,100.0,95.0
S0465,Science,55.4,64.6,61.5,58.4
S0465,English,73.4,85.6,81.5,77.4
S0465,CS,77.9,90.9,86.6,82.3
S0466,Math,61.5,71.7,68.3,64.9
S0466,Science,47.2,55.0,52.4,49.8
S0466,English,25.6,29.9,28.5,27.1
S0466,CS,67.8,79.1,75.3,71.5
S0467,Math,47.5,55.4,52.8,50.2
S0467,Science,60.8,71.0,67.6,64.2
S0467,English,41.7,48.6,46.3,44.0
S0467,CS,54.9,64.0,61.0,58.0
S0468,Math,59.0,68.8,65.5,62.2
S0468,Science,62.1,72.4,69.0,65.6
S0468,English,43.5,50.7,48.3,45.9
S0468,CS,74.7,87.2,83.0,78.8
S0469,Math,50.4,58.8,56.0,53.2
S0469,Science,35.9,41.9,39.9,37.9
S0469,English,57.1,66.6,63.4,60.2
S0469,CS,59.0,68.8,65.5,62.2
S0470,Math,60.7,70.8,67.4,64.0
S0470,Science,76.9,89.7,85.4,81.1
S0470,English,55.4,64.6,61.5,58.4
S0470,CS,56.9,66.4,63.2,60.0
S0471,Math,43.6,50.9,48.5,46.1
S0471,Science,69.6,81.2,77.3,73.4
S0471,English,61.0,71.2,67.8,64.4
S0471,CS,52.8,61.6,58.7,55.8
S0472,Math,32.8,38.2,36.4,34.6
S0472,Science,78.0,91.0,86.7,82.4
S0472,English,41.9,48.9,46.6,44.3
S0472,CS,50.5,58.9,56.1,53.3
S0473,Math,63.4,73.9,70.4,66.9
S0473,Science,42.4,49.5,47.1,44.7
S0473,English,38.3,44.7,42.6,40.5
S0473,CS,29.8,34.8,33.1,31.4
S0474,Math,68.2,79.6,75.8,72.0
S0474,Science,51.1,59.6,56.8,54.0
S0474,English,90.0,105.0,100.0,95.0
S0474,CS,45.1,52.6,50.1,47.6
S0475,Math,46.1,53.8,51.2,48.6
S0475,Science,50.8,59.3,56.5,53.7
S0475,English,61.7,72.0,68.6,65.2
S0475,CS,52.1,60.8,57.9,55.0
S0476,Math,66.8,77.9,74.2,70.5
S0476,Science,45.3,52.8,50.3,47.8
S0476,English,39.9,46.5,44.3,42.1
S0476,CS,34.2,39.9,38.0,36.1
S0477,Math,28.4,33.2,31.6,30.0
S0477,Science,51.5,60.1,57.2,54.3
S0477,English,54.4,63.5,60.5,57.5
S0477,CS,50.0,58.3,55.5,52.7
S0478,Math,75.3,87.9,83.7,79.5
S0478,Science,75.1,87.6,83.4,79.2
S0478,English,54.0,63.0,60.0,57.0
S0478,CS,34.3,40.0,38.1,36.2
S0479,Math,50.8,59.3,56.5,53.7
S0479,Science,50.4,58.8,56.0,53.2
S0479,English,49.6,57.9,55.1,52.3
S0479,CS,49.1,57.2,54.5,51.8
S0480,Math,49.7,58.0,55.2,52.4
S0480,Science,53.3,62.2,59.2,56.2
S0480,English,50.0,58.3,55.5,52.7
S0480,CS,61.3,71.5,68.1,64.7
S0481,Math,63.4,73.9,70.4,66.9
S0481,Science,46.2,53.9,51.3,48.7
S0481,English,75.7,88.3,84.1,79.9
S0481,CS,45.3,52.8,50.3,47.8
S0482,Math,36.6,42.7,40.7,38.7
S0482,Science,63.6,74.2,70.7,67.2
S0482,English,47.4,55.3,52.7,50.1
S0482,CS,62.8,73.3,69.8,66.3
S0483,Math,26.0,30.3,28.9,27.5
S0483,Science,77.3,90.2,85.9,81.6
S0483,English,67.6,78.9,75.1,71.3
S0483,CS,38.2,44.6,42.5,40.4
S0484,Math,38.5,44.9,42.8,40.7
S0484,Science,81.1,94.6,90.1,85.6
S0484,English,48.5,56.6,53.9,51.2
S0484,CS,47.2,55.1,52.5,49.9
S0485,Math,27.9,32.6,31.0,29.4
S0485,Science,53.7,62.7,59.7,56.7
S0485,English,55.4,64.7,61.6,58.5
S0485,CS,68.1,79.5,75.7,71.9
S0486,Math,39.6,46.2,44.0,41.8
S0486,Science,38.0,44.3,42.2,40.1
S0486,English,64.6,75.4,71.8,68.2
S0486,CS,72.1,84.1,80.1,76.1
S0487,Math,37.3,43.5,41.4,39.3
S0487,Science,73.1,85.3,81.2,77.1
S0487,English,59.0,68.9,65.6,62.3
S0487,CS,73.3,85.5,81.4,77.3
S0488,Math,57.5,67.1,63.9,60.7
S0488,Science,24.5,28.6,27.2,25.8
S0488,English,56.4,65.8,62.7,59.6
S0488,CS,72.8,84.9,80.9,76.9
S0489,Math,46.4,54.2,51.6,49.0
S0489,Science,53.3,62.2,59.2,56.2
S0489,English,56.2,65.5,62.4,59.3
S0489,CS,19.4,22.6,21.5,20.4
S0490,Math,81.1,94.6,90.1,85.6
S0490,Science,46.4,54.1,51.5,48.9
S0490,English,65.3,76.2,72.6,69.0
S0490,CS,57.3,66.9,63.7,60.5
S0491,Math,75.5,88.1,83.9,79.7
S0491,Science,64.0,74.7,71.1,67.5
S0491,English,55.4,64.6,61.5,58.4
S0491,CS,46.4,54.2,51.6,49.0
S0492,Math,69.3,80.9,77.0,73.1
S0492,Science,33.2,38.7,36.9,35.1
S0492,English,67.2,78.4,74.7,71.0
S0492,CS,43.6,50.9,48.5,46.1
S0493,Math,75.4,88.0,83.8,79.6
S0493,Science,60.7,70.8,67.4,64.0
S0493,English,67.2,78.4,74.7,71.0
S0493,CS,59.6,69.5,66.2,62.9
S0494,Math,34.8,40.6,38.7,36.8
S0494,Science,46.9,54.7,52.1,49.5
S0494,English,67.6,78.9,75.1,71.3
S0494,CS,60.8,70.9,67.5,64.1
S0495,Math,74.4,86.8,82.7,78.6
S0495,Science,63.9,74.6,71.0,67.4
S0495,English,45.4,53.0,50.5,48.0
S0495,CS,47.8,55.8,53.1,50.4
S0496,Math,59.8,69.8,66.5,63.2
S0496,Science,27.3,31.8,30.3,28.8
S0496,English,81.1,94.6,90.1,85.6
S0496,CS,64.4,75.2,71.6,68.0
S0497,Math,75.1,87.6,83.4,79.2
S0497,Science,37.2,43.4,41.3,39.2
S0497,English,75.3,87.9,83.7,79.5
S0497,CS,88.6,103.4,98.5,93.6
S0498,Math,40.7,47.5,45.2,42.9
S0498,Science,68.9,80.4,76.6,72.8
S0498,English,58.5,68.2,65.0,61.8
S0498,CS,37.6,43.9,41.8,39.7
S0499,Math,65.2,76.0,72.4,68.8
S0499,Science,69.8,81.4,77.5,73.6
S0499,English,50.4,58.8,56.0,53.2
S0499,CS,74.2,86.6,82.5,78.4
S0500,Math,36.0,42.0,40.0,38.0
S0500,Science,38.3,44.7,42.6,40.5
S0500,English,60.3,70.4,67.0,63.6
S0500,CS,58.9,68.7,65.4,62.1
